	T..Gene.names	DG75.2.min	DG75.5.min	DG75.10.min	DG75.20.min	C..Amino.acid	N..Position	C..Charge	significant.DG75.2.min	significant.DG75.5.min	significant.DG75.10.min	significant.DG75.20.min	C..Multiplicity	T..Proteins	T..Sequence.window
1	AASDH	NaN	NaN	1.04096	1.46158	S	496	3				0	___1	R4GNB1;Q4L235-3;Q4L235-4;Q4L235-2;Q4L235	EDVTFRKSCATKRKLSDINQEEASGTSLHQK
2	ABI1	1.94789	0.953526	NaN	NaN	Y	193	3	0				___1	A0A0A0MRT6;Q8IZP0-2;Q8IZP0-4;Q8IZP0-3;Q8IZP0-5;Q8IZP0-6;Q8IZP0-9;Q8IZP0;B6VEX4;Q8IZP0-10;Q8IZP0-8;Q8IZP0-7;Q8IZP0-12;Q8IZP0-11	SPPMSGRGTLGRNTPYKTLEPVKPPTVPNDY
3	ABL1	1.81463	1.61433	1.47944	1.33291	Y	424	3	0	0	0	0	___1	P00519-2;P00519;P42684-10;P42684-5;P42684-3;P42684;P42684-4;P42684-7;P42684-2;P42684-6;P42684-8	KVADFGLSRLMTGDTYTAHAGAKFPIKWTAP
4	ABL2	0.899794	1.62195	2.04586	1.97779	S	818	2		0	0	0	___1	P42684-10;P42684-5;P42684-3;P42684;P42684-4;P42684-7;P42684-2;P42684-6	PVLPTTHNHKVPVLISPTLKHTPADVQLIGT
5	ABR	-0.141939	5.326	-0.644082	5.63668	T	336	2		0		0	___1	Q12979;Q12979-4;B7Z683;Q12979-2;I3L0R7;I3L1U8	VFLFTDVLLCAKLKKTSAGKHQQYDCKWYIP
6	ACKR3	NaN	NaN	-2.22344	-1.76415	T	152	2			0	0	___3	P25106	CMSVDRYLSITYFTNTPSSRKKMVRRVVCIL
7	ACTB	1.9042	2.27495	1.69216	0.827656	Y	198	2	0	0	0		___1	P60709;P63261;I3L3I0;I3L1U9;I3L4N8	RDLTDYLMKILTERGYSFTTTAEREIVRDIK
8	ACTG1	1.65008	1.92797	2.5645	2.37548	Y	53	2	0	0	0	0	___1	K7EM38;P60709;E7EVS6;G5E9R0;C9JZR7;C9JTX5;P63261;I3L3I0;I3L1U9;I3L4N8;I3L3R2;J3KT65;C9JUM1;P68032;P63267;P62736;P68133;Q5T8M8;A6NL76;Q5T8M7;F8WB63;B8ZZJ2;C9JFL5;F6UVQ4;F6QUT6	PRHQGVMVGMGQKDSYVGDEAQSKRGILTLK
9	ADAR	0.770702	1.70297	1.85483	1.96458	T	601	2		0	0	0	___1	P55265;P55265-4;P55265-5;H0YCK3;P55265-2;P55265-3	HYSTEKESEKTAESQTPTPSATSFFSGKSPV
10	ADD1	1.42707	1.81558	1.8677	1.65012	S	12	2	0	0	0	0	___1	P35611;P35611-3;E7EV99;E7ENY0;P35611-2;P35611-6;P35611-4;P35611-5;A0A0A0MSR2;D6RF25;D6RJE2;D6RAH3	____MNGDSRAAVVTSPPPTTAPHKERYFDR
11	ADD3	NaN	NaN	0.88534	1.33228	T	11	3				0	___1	Q9UEY8;Q9UEY8-2;A0A087WX08	_____MSSDASQGVITTPPPPSMPHKERYFD
12	AGAP2	-1.13555	1.5372	NaN	NaN	S	350	3		0			___2	J3KNM6;F8VVT9;Q99490-2;Q99490	WADAVIFVFSLEDENSFQAVSRLHGQLSSLR
13	AGFG1	-1.12033	-1.10687	-1.48766	-0.647264	S	181	2			0		___2	P52594-2;P52594-3;P52594;P52594-4;B8ZZY2;C9J2I0	DSAPTLHLNKGTPSQSPVVGRSQGQQQEKKQ
14	AGGF1	-1.66077	-0.642414	-1.19278	0.693498	T	16	3	0				___3	Q8N302;Q8N302-2;Q8N302-3	MASEAPSPPRSPPPPTSPEPELAQLRRKVEK
15	AIM1	-0.750276	-0.762754	-0.424107	1.73357	S	533	3				0	___1	Q9Y4K1	LELGGETTPPLSTERSPEAVGSECPSRVLVQ
16	AIP	NaN	NaN	-1.55559	-0.689637	S	43	2			0		___1	O00170;E9PMH2	FQDGTKATFHYRTLHSDDEGTVLDDSRARGK
17	AKAP1	0.0210533	0.709467	1.05984	1.59779	S	150	2				0	___1	Q92667;Q92667-2;I3L2A2;I3L2N7	LTGGEAKSIPLECPLSSPKGVLFSSKSAEVC
18	AKAP2	1.32585	1.40032	1.30141	1.42029	S	748	2	0	0	0	0	___1	Q9Y2D5;Q9Y2D5-5;Q9Y2D5-7;Q9Y2D5-6;Q9Y2D5-4	EEELKRQRQVLQSTQSPRTKNAPSLPSRTCY
19	AKT1S1	-1.33137	-1.71957	-1.51982	-1.55988	S	88	3		0	0	0	___2	Q96B36;Q96B36-3;H9KV91	TAARPPAPPPAPQPPSPTPSPPRPTLAREDN
20	ALDOA	NaN	NaN	2.34253	4.72732	T	9	2			0	0	___1	P04075;J3KPS3;H3BQN4;P04075-2;H3BPS8;H3BUH7;H3BR04;H3BMQ8	_______MPYQYPALTPEQKKELSDIAHRIV
21	ALYREF	NaN	NaN	3.92239	2.26207	S	239	3			0	0	___1	Q86V81;E9PB61	RGRGRGAGRNSKQQLSAEELDAQLDAYNARM
22	AMBRA1	-2.14714	0.145221	-0.904899	-1.20963	S	549	2	0				___1	A0A075B6T1;Q9C0C7-4;Q9C0C7-3;Q9C0C7;Q9C0C7-5;Q9C0C7-6;Q9C0C7-2	GQTPSSSRLELSSSASPQEERTVGVAFNQET
23	AMFR	0.774503	1.33874	1.31528	1.50141	S	542	2		0	0	0	___1	Q9UKV5;R4GNG2	EGETSAQTERVPLDLSPRLEETLDFGEVEVE
24	ANKRD12	-0.613035	2.21763	NaN	NaN	S	1166	2		0			___1	Q6UB98-2;Q6UB98	TLGKSSFVSDNSLNRSPRSENEKPGLSSRSV
25	ANKRD30B	NaN	NaN	-3.19509	NaN	S	806	3			0		___2	Q9BXX2	ETFKAEDVSSVESTFSLFGKPTTENSQSTKV
26	ANKS1A	-0.250818	1.30865	-0.258235	0.984845	S	647	2		0			___1	Q92625	TCSPTEDATMGSRSESLSNCSIGKKRLEKSP
27	ANXA2	1.87621	1.8213	0.594835	0.39835	Y	24	2	0	0			___1	P07355;P07355-2;H0YN42;H0YMD0;H0YMU9;A6NMY6;H0YKS4;H0YMM1;H0YKZ7;H0YLV6;H0YMT9;H0YKX9;H0YKL9;H0YMW4;H0YKV8;H0YMD9;H0YNB8;H0YKN4	CKLSLEGDHSTPPSAYGSVKAYTNFDAERDA
28	APC	3.72367	5.10442	NaN	NaN	S	1259	2	0	0			___1	P25054-2;P25054	ESARHKAVEFSSGAKSPSKSGAQTPKSPPEH
29	ARAP1	3.10799	2.73262	2.05752	1.66612	Y	737	3	0	0	0	0	___1	Q96P48-3;Q96P48;E7EU13;Q96P48-7;Q96P48-4;F5GWN4;F8WBT0;Q96P48-2;Q96P48-1	TEVPRLDSMKPLEKHYSVVLPTVSHSGFLYK
30	AREL1	NaN	NaN	1.28735	-0.0342489	S	85	3			0		___1	H0YJK5;G3V2B5;G3V506;O15033-2;O15033	SQRRPSTAVDEEDEDSPSECHTPEKQFSVKE
31	ARFGEF1	-0.736533	7.4025	NaN	NaN	S	1569	2		0			___1	E5RHL7;Q9Y6D6;E5RIF2	PSPVSEKPLDTISQKSVDIHDSIQPRSVDNR
32	ARHGAP1	-1.29286	-2.36127	-2.1538	-0.803594	S	49	3		0	0		___1	Q07960;H0YE29;E9PNR6	PSDEMPDFPKSDDSKSSSPELVTHLKWDDPY
33	ARHGAP17	-1.74555	-0.972705	NaN	NaN	S	676	3	0				___1	Q68EM7-6;Q68EM7-5;Q68EM7;Q68EM7-7;Q68EM7-3;Q68EM7-2;I3L460	QHPPSLSPKPPTRSPSPPTQHTGQPPGQPSA
34	ARHGAP25	-1.42674	-1.38364	0.220454	0.0501883	S	72	2	0	0			___1	C9JB56;H7C4P1;P42331-5;P42331-3;P42331-6;P42331;P42331-4;P42331-2	PPAQKNDPKKAPVARSSVGWDATEDLRISRT
35	ARHGAP27	1.26622	1.60412	2.2212	2.24717	T	20	3	0	0	0	0	___1	E9PIR1;Q6ZUM4-3;Q6ZUM4;Q6ZUM4-4	VVGDVYVLVEHPFEYTGKDGRRVAIRPNERY
36	ARHGAP35	1.31388	1.25096	1.50162	1.29072	Y	1087	3	0	0	0	0	___1	Q9NRY4	SSSPWLPQDGFDPSDYAEPMDAVVKPRNEEE
37	ARHGAP4	-1.47698	0.178109	-1.32189	1.71396	S	909	4	0			0	___1	E7EQN5;P98171;P98171-2;E9PCM6	LGRNKGFSRGPGAPASPSASHPQGLDTTPKP
38	ARHGAP9	2.96118	2.15711	1.86021	2.05057	Y	7	2	0	0	0	0	___1	Q9BRR9-4;Q9BRR9-3;F8VW89;F8VR90;F8VQY5;F8VQR0	_________MSEPPVYCNLVDLRRCPRSPPP
39	ARHGEF1	NaN	NaN	0.815001	2.09004	S	919	2				0	___1	M0QZR4;Q92888;Q92888-3;Q92888-2	GPPRDGDGVPGGGPLSPARTQEIQENLLSLE
40	ARHGEF2	-1.53274	-1.47983	-1.76847	-1.49985	S	1001	2	0	0	0	0	___1	V9GYM8;Q92974-3;Q92974-2;Q92974;V9GYF0	SDPDTGSEEEGSSRLSPPHSPRDFTRMQDIP
41	ARHGEF37	-1.41681	-2.01508	NaN	NaN	S	503	3	0	0			___1	A1IGU5	QPLLPGSERQVQALLSRYGPGKLYQVTSNIS
42	ARHGEF6	0.380729	0.925392	1.02701	1.2596	S	225	2				0	___1	Q15052;Q15052-2	PSNYVREIKSSERPLSPKAVKGFETAPLTKN
43	ARHGEF7	1.36098	1.72225	1.75945	1.78102	S	516	2	0	0	0	0	___1	B1ALK7;Q14155-1;Q14155-5;Q14155-6;Q14155-2;Q14155-3;Q14155;E9PDQ5	TMKKLLPKRKPERKPSDEEFASRKSTAALEE
44	ARMC2	NaN	NaN	-0.522737	-3.78532	S	3	3				0	___3	A0A0A0MQT2;Q8NEN0	_____________MLSPNDKMLGKLDPFYQP
45	ASAP1	-0.918742	-1.59527	-1.41773	-1.39077	S	839	2		0	0	0	___1	Q9ULH1;Q9ULH1-2;A0A0A0MRE5;H0YBF7	KKRPPPPPPGHKRTLSDPPSPLPHGPPNKGA
46	ASCC3	-1.11064	-1.12513	-1.84389	-1.32132	S	2195	2			0	0	___1	Q8N3C0	TQASLSAQVNTKVSDSLTDLALK________
47	ASXH1	0.344715	NaN	-0.574261	-4.17746	S	1035	2				0	___3	Q76L82;Q8IXJ9	KGSSVDKDEKPNWNQSAPLSKVNGDMRLVTR
48	ATF2	-0.677864	-0.250406	-0.874031	3.66289	T	53	2				0	___2	B8ZZU6;P15336-5;P15336;E9PBF9;E9PEK8;H7C2N6;P15336-3;P15336-7	GPARNDSVIVADQTPTPTRFLKNCEEVGLFN
49	ATXN2L	2.37543	1.8166	2.55316	2.36233	S	306	2	0	0	0	0	___1	Q8WWM7-6;Q8WWM7-8;Q8WWM7-5;Q8WWM7-4;Q8WWM7-9;Q8WWM7-2;Q8WWM7;Q8WWM7-3;H3BUF6;Q8WWM7-7;H3BSK9	QRELRAAQLAREIESSPQYRLRIAMENDDGR
50	BAG6	NaN	NaN	-1.54044	-1.3773	T	1074	2			0	0	___1	P46379-2;P46379;P46379-3	EAVSRAAKAAGARPLTSPESLSRDLEAPEVQ
51	BBX	1.53312	2.12651	NaN	NaN	S	159	3	0	0			___1	C9JA69;Q8WY36-2;Q8WY36;C9J8D0;C9JYU6;C9JZA0;Q8WY36-3	NPGYKWCPTTNKPVKSPTPTVNPRKKLWAFP
52	BCL2L11	2.71578	2.85378	3.76892	3.56876	S	77	2	0	0	0	0	___1	O43521-4;O43521-8;O43521-12;O43521;C9J417;O43521-11;O43521-10;O43521-14;O43521-19	GPLAPPASPGPFATRSPLFIFMRRSSLLSRS
53	BLK	2.93123	2.53983	2.77625	2.47371	Y	389	2	0	0	0	0	___1	E9PJX5;P51451	CKIADFGLARIIDSEYTAQEGAKFPIKWTAP
54	BLNK	3.08483	2.91514	NaN	NaN	Y	119	2	0	0			___1	Q8WV28;Q8WV28-2;Q8WV28-3	ETRPVHPALPFARGEYIDNRSSQRHSPPFSK
55	BNIP2	NaN	NaN	0.926151	2.15617	T	237	3				0	___1	J3KN59;Q12982;Q12982-2	LPKPKTTEVIRKGSITEYTAAEEKEDGRRWR
56	BOD1L1	0.983605	1.28759	1.26831	1.09882	S	635	2		0			___1	Q8NFC6	HVHAKSEPSKPARRLSESLHVVDENKNESKL
57	BPTF	NaN	NaN	-2.30493	-3.15406	T	1576	3			0	0	___3	E7ETD6;Q12830-4;Q12830;F5GXF5;Q12830-2	NVNGESKRKTVITEVTTMTSTVATESKTVIK
58	BRAT1	0.828388	1.4799	NaN	NaN	S	582	3		0			___1	Q6PJG6	TAMGQLSSQGLHAPTSPEHAEARQSLFLELL
59	BRCC3	2.86879	2.1504	NaN	NaN	Y	54	2	0	0			___1	H9KVA9;A0A087WZR3;P46736;P46736-5;P46736-2;P46736-3	IGELNDDTRSDSKFAYTGTEMRTVAEKVDAV
60	BRIP1	-2.67172	-2.77182	NaN	NaN	S	206	3	0	0			___1	Q9BX63;Q9BX63-2;J3QSE8	KTVKLNSPLEKINSFSPQKPPGHCSRCCCST
61	BRPF1	1.88901	-0.218901	1.61617	-0.922566	S	460	3	0		0		___1	P55201-4;P55201-3;P55201;P55201-2	DIHTPPGSARRLPALSHSEGEEDEDEEEDEG
62	BRWD1	-6.15041	-2.58381	NaN	NaN	S	2046	2	0	0			___3	Q9NSI6-3;Q9NSI6-2;Q9NSI6	RHTNIHKIDAPSKRKSSSVTSSGEDSKSHIP
63	BTK	1.46059	0.499782	1.74136	1.0077	Y	551	2	0		0		___1	Q06187;Q06187-2;U3NG26;Q5JY90	KVSDFGLSRYVLDDEYTSSVGSKFPVRWSPP
64	C15orf39	NaN	NaN	-0.117991	-2.12161	S	77	2				0	___1	H3BMJ2;Q6ZRI6-2;Q6ZRI6	GVPAEGSSKDSSGSFSPCQPFLEKYQTIHST
65	C2orf44	0.399007	1.40773	1.24817	1.93814	S	688	3		0		0	___1	Q9H6R7;Q9H6R7-3	RDGSLSRSDVFRDSFSHSPGAVSSLKVFTGL
66	C2orf49	1.42363	1.84076	1.34801	1.02567	S	189	3	0	0	0		___2	Q9BVC5;C9J4K0;Q9BVC5-2	NHDLTHRKSPSGPVKSPPLSPVGTTPVKLKR
67	C9orf142	-4.02177	-3.23419	-2.2043	-2.12999	S	192	2	0	0	0	0	___1	Q9BUH6	RRRCPGESLINPGFKSKKPAGGVDFDET___
68	CAAP1	1.22132	1.4655	1.25459	0.940881	T	90	2	0	0			___1	Q9H8G2	GGSSVERSERRKRRSTDSSSVSGSLQQETKY
69	CACNA2D4	1.54047	0.931834	NaN	NaN	S	32	3	0				___1	Q7Z3S7-7;B4DVU4	DLDCFVIDNNGFILISKRSRESDYV______
70	CACYBP	3.30296	3.18786	1.86904	0.778461	Y	199	3	0	0	0		___1	Q9HB71;Q9HB71-3	ETDPSEGLMNVLKKIYEDGDDDMKRTINKAW
71	CAD	0.971074	1.50615	NaN	NaN	Y	1827	3		0			___1	F8VPD4;P27708;H7BZB3	KVAEPELMGTPDGTCYPPPPVPRQASPQNLG
72	CALM2	2.38907	2.49871	2.06064	1.51329	Y	138	3	0	0	0	0	___1	H0Y7A7;P62158;E7ETZ0;E7EMB3;Q96HY3;G3V361	EIREAFRVFDKDGNGYISAAELRHVMTNLGE
73	CAP1	1.95583	1.6581	1.19805	0.972178	S	307	2	0	0			___2	Q01518-2;Q01518	VRSGPKPFSAPKPQTSPSPKRATKKEPAVLE
74	CARS	-0.520563	0.0224743	1.40828	-0.457673	Y	115	2			0		___1	P49589-3;P49589;B4DKY1;P49589-2;E9PLP0;C9JLN0;E9PRS8	QWSPPAGTQPCRLHLYNSLTRNKEVFIPQDG
75	CASP2	2.60241	2.61304	3.42881	3.1733	S	157	2	0	0	0	0	___1	P42575;P42575-2	FPVCESCPLYKKLRLSTDTVEHSLDNKDGPV
76	CAST	NaN	NaN	1.43654	1.38051	S	408	2			0	0	___1	E7EVY3;H0Y9H6;A0A0A0MR45;H0YD33;D6RC54;P20810-9;P20810-10;P20810-7;P20810-6;P20810-5;B7Z574;P20810-4;P20810-8;P20810;E9PDE4;E7ES10;E9PCH5;P20810-2;P20810-3;H0Y7F0;E7EQ12;E7EQA0	PLLPEPEEKPKPRSESELIDELSEDFDRSEC
77	CBFA2T3	NaN	NaN	-0.5704	1.28989	S	242	3				0	___1	O75081-2;O75081-4;O75081;H3BNH2	HLSKRPCTLNPAQRYSPSNGPPQPTPPPHYR
78	CBL	3.25016	2.69524	2.47731	2.17677	S	675	2	0	0	0	0	___1	P22681	DHPKIKPSSSANAIYSLAARPLPVPKLPPGE
79	CBLB	5.51709	5.07408	3.69131	3.14669	Y	889	3	0	0	0	0	___1	Q13191;Q68CY2;E9PHA9	RLPGENVKTNRTSQDYDQLPSCSDGSQAPAR
80	CBX3	NaN	NaN	1.39446	1.05186	S	93	2			0		___1	Q13185;S4R2Y4	NSQKAGKEKDGTKRKSLSDSESDDSKSKKKR
81	CCAR2	NaN	NaN	-2.32128	-2.08192	S	675	3			0	0	___1	Q8N163;Q8N163-2;H0YB24;G3V119;A0A087X2B6	EEEFAGAKLEDSEVRSVASNQSEMEFSSLQD
82	CCDC132	0.224905	1.52005	0.0978804	0.851439	S	559	2		0			___1	Q96JG6;Q96JG6-3;H0Y7Q2	YESDEQEKSAYQEYDSDSDVPEELKRDYVDE
83	CCDC50	NaN	NaN	1.86481	1.69234	Y	145	3			0	0	___1	Q8IVM0	HFPEFPATRAYADSYYYEDGGMKPRVMKEAV
84	CCDC6	-2.24811	-1.57094	NaN	NaN	S	240	2	0	0			___1	Q16204	EAEKRILQEKLDQPVSAPPSPRDISMEIDSP
85	CCDC88A	0.0777899	0.962882	-0.0384508	1.44689	T	1531	3				0	___1	Q3V6T2-2;Q3V6T2;Q3V6T2-4;Q3V6T2-3;Q3V6T2-5;H7C2C6;H0Y470;H0Y7U8	SSAGFRSKQLVNNKDTTSFEDISPQGVSDDS
86	CCDC88B	1.23836	1.00605	1.02496	0.891963	S	1357	2	0				___1	A6NC98-4;A6NC98;A6NC98-6	PEVQEPEKRPLTPSLSQ______________
87	CD19	2.59748	2.09464	1.6377	1.25864	Y	500	2	0	0	0	0	___1	P15391	AWDPSREATSLGSQSYEDMRGILYAAPQLRS
88	CD22	1.64404	1.23579	0.83762	0.442121	Y	708	4	0	0			___1	P20273-3;P20273;P20273-2;P20273-5	SEMQRPPPDCDDTVTYSALHKRQVGDYENVI
89	CD2AP	1.7539	2.54226	NaN	NaN	Y	541	3	0	0			___1	Q9Y5K6	DSANLKPSELKKDTCYSPKPSVYLSTPSSAS
90	CD37	1.41981	1.47799	1.0309	1.18751	Y	206	2	0	0		0	___1	P11049-2;P11049	FMTLSIFLCRNLDHVYNRLARYR________
91	CD3EAP	-1.5454	-1.69339	-1.76146	-1.2642	S	128	3	0	0	0		___1	O15446;O15446-2	GTLRILEGPQQSLSGSPLQPIPASPPPQIPP
92	CD74	1.12075	1.10199	1.4462	1.20633	S	8	3			0		___1	P04233-2;H0YBZ2;P04233;H0YBZ8;E7ESL3;P04233-3;E7EQJ3;E7ER71	________MHRRRSRSCREDQKPVMDDQRDL
93	CD79A	2.96776	3.07736	3.21031	3.17402	Y	210	2	0	0	0	0	___1	P11912;P11912-2	DCSMYEDISRGLQGTYQDVGSLNIGDVQLEK
94	CD79B	2.8789	2.6599	NaN	NaN	T	195	3	0	0			___2	P40259;P40259-3;P40259-2	LLDKDDSKAGMEEDHTYEGLDIDQTATYEDI
95	CD97	1.90014	1.77294	2.01546	1.74037	S	738	2	0	0	0	0	___1	P48960-2;P48960-3;P48960	TTSGTGHNQTRALRASESGI___________
96	CDC20	-1.43183	-0.546456	-0.26505	-0.234092	S	72	3	0				___1	Q12834	GRTPGKSSSKVQTTPSKPGGDRYIPHRSAAQ
97	CDC27	2.33053	3.20913	NaN	NaN	S	364	3	0	0			___1	G5EA36;P30260;P30260-2	TQSSGPQTSTTPQVLSPTITSPPNALPRRSS
98	CDC37	2.31019	2.58547	1.64312	1.11929	Y	278	3	0	0	0		___1	Q16543;K7EQA9;K7EKQ2;K7EL68;K7EIU0	VRGRAKLRIEKAMKEYEEEERKKRLGPGGLD
99	CDK11B	0.319965	0.312665	0.242206	2.73669	S	47	4				0	___1	J3QKR5;J3KS35;E7ESP2;E9PFJ2;Q5QPR3;Q9UQ88-4;Q9UQ88-3;Q9UQ88-2;Q9UQ88;Q5QPR4	IKRLKNSDDRDSKRDSLEEGELRDHCMEITI
100	CDK12	-1.40259	-1.59062	-1.88305	-1.38274	S	681	3	0	0	0	0	___1	J3QSD7;Q9NYV4-3;Q9NYV4;Q9NYV4-2	LTDLPLPPELPGGDLSPPDSPEPKAITPPQQ
101	CDK14	0.663208	0.338909	1.34664	0.732052	S	88	2			0		___1	O94921-3;O94921-2;O94921;C9IYJ9	SSPSSPTSPKFGKADSYEKLEKLGEGSYATV
102	CDK16	0.46999	1.19648	0.290424	1.63733	S	153	2				0	___1	E5RGN0;Q00536;Q00536-3;Q00536-2;E5RJM2;A0A087WZU2;H0YBX5	SPIFDKPLSRRLRRVSLSEIGFGKLETYIKL
103	CEP162	-3.18194	-3.19839	NaN	NaN	Y	412	3	0	0			___2	Q5TB80-2;Q5TB80	LSSEEEGAVMGKQVPYKKARSAPPLLKRKPQ
104	CEP290	NaN	NaN	-0.491551	-3.13125	T	2135	2				0	___1	J3KNF5;O15078;O15078-2	RGSGRSGKTIPELEKTIGLMKKVVEKVQREN
105	CEP55	-0.735091	-0.155679	1.28546	1.43755	S	428	2			0	0	___1	Q53EZ4	QGETENREKVAASPKSPTAALNESLVECPKC
106	CHAF1B	-0.72261	-0.6574	-1.4276	-0.736437	S	428	2			0		___2	Q13112	PRPVEGTPASRTQDPSSPGTTPPQARQAPAP
107	CHD4	2.59546	1.34312	0.912343	0.233888	S	1524	2	0	0			___2	F5GWX5;Q14839;Q14839-2	WSMPELAEVEENKKMSQPGSPSPKTPTPSTP
108	CHEK1	2.19491	2.11547	1.95125	1.24641	S	296	2	0	0	0	0	___1	E7EPP6;O14757-2;O14757-3;O14757;J3KN87	YNKPLKKGAKRPRVTSGGVSESPSGFSKHIQ
109	CIC	1.1746	1.36334	2.37362	2.42954	S	1082	2		0	0	0	___1	I3L2J0;A0A0A0MQR4;Q96RK0	PEIQLPLPPGKRRTQSLSALPKERDSSSEKD
110	CIT	-0.540317	2.89666	-0.595424	-0.158107	S	440	2		0			___1	O14578;O14578-4;H7BYJ3;O14578-2	LGILGRSESVVSGLDSPAKTSSMEKKLLIKS
111	CLGN	2.62452	NaN	9.64827	-0.148721	S	601	3	0		0		___1	O14967;O14967-2	KEADESTGSGDGPIKSVRKRRVRKD______
112	CLK3	1.65012	0.333767	NaN	NaN	S	135	2	0				___1	P49761-3;P49761-1;P49761;H3BUL5;H3BVF8;H3BQG1	SASSRSQQSSKRSSRSVEDDKEGHLVCRIGD
113	CLN3	NaN	NaN	0.263876	1.63668	S	12	3				0	___2	H3BPL0;H3BRU8;Q9UBH5;O95090;H3BR84;Q9UBD8;H3BPM8;Q13286-5;Q13286-4;Q13286-6;Q13286-2;Q13286-7;Q13286-3;Q13286	____MGGCAGSRRRFSDSEGEETVPEPRLPL
114	CLSPN	-1.70609	-0.315774	0.103531	0.339936	T	1223	3	0				___1	Q9HAW4-2;Q9HAW4;E7ESG2;Q9HAW4-3	HNPSAPRNSRNFVFHTLSPVKAEAAKESSKS
115	CNKSR3	-0.747318	-1.7012	-1.85048	-2.34322	S	383	2		0	0	0	___2	G9CGD6;Q5T4Y8;C9JN62;C9IZX4;Q6P9H4	SSKCKQPLPGPKGSESPNSFLDQESRRRRFT
116	COL14A1	NaN	NaN	0.908505	-2.43651	S	1033	2				0	___2	Q05707-3;Q05707-2;Q05707;A0A0A0MQT7	GKAIKYVRDTLFTAESGTRRGIPKVIVVITD
117	COX19	1.12334	2.13904	1.05617	0.727441	S	55	3		0			___1	F8WEL9;Q49B96	CLHNNNFENALCRKESKEYLECRMERSRLGL
118	CRKL	2.97831	2.80023	NaN	NaN	Y	251	2	0	0			___1	P46109	GPVFAKAIQKRVPCAYDKTALALEVGDIVKV
119	CWC27	NaN	NaN	1.91472	1.83592	T	134	2			0	0	___3	Q6UX04;D6REK3;Q6UX04-2	RADELNNKHTIFGKVTGDTVYNMLRLSEVDI
120	CYTIP	1.90904	1.97273	NaN	NaN	S	64	2	0	0			___2	O60759;C9JRF8	VATLPRGRKQLALTRSSSLSDFSWSQRKLVT
121	DAP	0.7554	1.45539	1.2909	1.30504	S	3	2		0	0	0	___1	P51397;B4DQ75	_____________MSSPPEGKLETKAGHPPA
122	DAPP1	3.8491	4.2194	5.08381	4.95805	S	141	2	0	0	0	0	___1	Q9UN19;J3KNB3;Q9UN19-2	KHPYPRKVEEPSIYESVRVHTAMQTGRTEDD
123	DBI	0.24062	0.864652	0.744936	1.19068	Y	32	3				0	___1	P07108;B8ZWD1;A0A0A0MTI5;P07108-3;P07108-2;P07108-4;P07108-5;P07108-6	KTKPSDEEMLFIYGHYKQATVGDINTERPGM
124	DBNL	0.878451	1.27334	1.2475	1.318	S	283	2		0		0	___1	Q9UJU6;Q9UJU6-2;Q9UJU6-3;Q9UJU6-6;H0Y5J4;B4DDD6;Q9UJU6-5;Q9UJU6-4	MSTTSISSPQPGKLRSPFLQKQLTQPETHFG
125	DCAF6	2.09882	1.81365	0.381062	0.433494	S	336	2	0	0			___1	Q58WW2-2;Q58WW2-4;Q58WW2-3;Q58WW2;F2Z305	PRARPESERERDGEQSPNVSLMQRMSDMLSR
126	DCP1A	-1.24025	-1.69199	-1.27575	-1.32608	T	401	3		0		0	___1	Q9NPI6;Q9NPI6-2	GTSLPSVDLLQKLRLTPQHDQIQTQPLGKGA
127	DDI2	2.0333	1.89817	2.31336	1.84362	S	194	2	0	0	0	0	___1	Q5TDH0;Q5TDH0-3;Q5TDH0-2;H0YII4;H0YI90	QQDRARREQERIRLFSADPFDLEAQAKIEED
128	DDX20	2.59426	1.88483	1.43723	1.44663	T	461	3	0	0	0	0	___1	Q9UHI6;E9PJ60	EECVDWDVEVKAAVHTYGIASVPNQPLKKQI
129	DDX39B	3.04993	2.19601	2.78251	1.79838	Y	13	3	0	0	0	0	___1	Q13838;Q13838-2;Q5STU3;F6WLT2;A0A0A0MT12;F6TRA5;F6S4E6;F6R6M7;F6QYI9;F6U6E2;F6QWI5;F6S2B7;F6SXL5	___MAENDVDNELLDYEDDEVETAAGGDGAE
130	DENND1B	1.57899	1.68226	1.55282	1.4156	S	653	2	0	0	0	0	___1	Q6P3S1-5;X6RAS2	LHGKHLPPSPRKRVSSSGLTDSLFILKEENS
131	DENND4C	1.81176	2.22262	2.09089	1.80616	S	1274	2	0	0	0	0	___1	R4GN35;R4GNB2;Q5VZ89-6;Q5VZ89;Q5VZ89-5;Q5VZ89-2;X6RAE7;Q5VZ89-3;X6R5W5	ECTGGKTPDSEDKLFSPVIARNLADEIESYM
132	DGCR8	NaN	NaN	0.0852886	3.43976	S	367	3				0	___1	Q8WYQ5-3;Q8WYQ5	CLHYKKMKDNEEREQSSDLTPSGDVSPVKPL
133	DHCR7	1.25484	1.08692	0.176195	-0.660452	S	14	2	0				___1	E9PIP9;Q9UBM7;E9PRL8;E9PQ71;E9PJ54;E9PM00	__MAAKSQPNIPKAKSLDGVTNDRTASQGQW
134	DKFZp686L0365	3.02797	3.17961	NaN	NaN	Y	212	2	0	0			___1	Q68DZ5;P32121-5;P32121-2;P32121;P32121-3;P32121-4	EDFARLRLKGMKDDDYDDQLC__________
135	DMXL1	1.29496	2.408	2.44286	2.2971	S	924	2	0	0	0	0	___1	F5H269;Q9Y485	WQPEEHYSSSPEKILSPFSQKYQACRANLQS
136	DNAH3	NaN	NaN	-1.60296	1.86529	S	2044	3			0	0	___3	Q8TD57	YITKEEEKVPAGAKVSELIIPTMETARQSFF
137	DOCK2	NaN	NaN	-8.95758	-8.41237	S	587	2			0	0	___1	Q92608;E7ERW7;E5RFJ0;F6S220;Q92608-2	RHHVENKGATLSRSSSSVGGLSVSSRDVFSI
138	DPYSL2	-0.803393	-1.15859	-1.39764	-1.39965	T	509	2			0	0	___1	Q16555;Q16555-2	VPRGLYDGPVCEVSVTPKTVTPASSAKTSPA
139	DTL	NaN	NaN	2.16823	1.84527	S	515	2			0	0	___1	F5GZ90;Q9NZJ0	EACSESRNRVKRRLDSSCLESVKQKCVKSCN
140	DUS3L	NaN	NaN	-1.45178	-0.831974	T	273	3			0		___1	Q96G46;Q96G46-2	ENCGAQQVPAGPGTSTPPSSPVRTCGPLTDE
141	DYNC1H1	1.9151	2.25278	2.32895	2.45144	S	4368	3	0	0	0	0	___1	Q14204	DDLAYAETEKKTRTDSTSDGRPAWMRTLHTT
142	DYRK4	2.20746	2.12373	1.19931	1.10682	Y	382	2	0	0			___1	A0A0A0MTH5;Q9NR20-3;Q9NR20-4;Q9NR20-5;Q9NR20-2;Q9NR20;Q92630-2;Q92630	IDFGSSCYEHQKVYTYIQSRFYRSPEVILGH;IDFGSSCYEHQRVYTYIQSRFYRAPEVILGA
143	EDC4	-0.433721	3.15085	-0.108627	0.0187766	S	6	2		0			___1	Q6P2E9	__________MASCASIDIEDATQHLRDILK
144	EEF2K	0.332966	0.712728	1.33033	0.886121	S	470	2			0		___1	O00418	EPREHGHSYSNRKYESDEDSLGSSGRVCVEK
145	EFHB	NaN	NaN	-0.8593	1.71804	Y	637	2				0	___1	Q8N7U6;Q8N7U6-3	FANFLNWKDKMLLKEYEERVIIKGRKPDCVN
146	EIF3D	0.820649	1.33691	0.724912	0.171591	T	49	2		0			___1	O15371-3;O15371;O15371-2;B0QYA5;B0QYA6;B0QYA7;B0QYA8	SKGDRLGKVADWTGATYQDKRYTNKYSSQFG
147	EIF4B	2.18469	2.19276	NaN	NaN	Y	211	3	0	0			___1	E7EX17;P23588;P23588-2;F8VP89;F8VSC7;F8W0K0	DTDWRARPATDSFDDYPPRRGDDSFGDKYRD
148	EIF4EBP1	1.36698	1.48785	1.33107	1.18123	S	65	3	0	0	0		___1	Q13541	TRIIYDRKFLMECRNSPVTKTPPRDLPTIPG
149	EIF4EBP2	1.04082	1.20589	1.17242	1.38984	T	37	3				0	___2	Q13542	VAISDAAQLPHDYCTTPGGTLFSTTPGGTRI
150	EIF4G1	0.449429	1.04243	1.20013	1.24343	S	1068	1				0	___1	A0A0A0MR52;E7EX73;E9PGM1;E7EUU4;Q04637-6;Q04637-7;Q04637-5;Q04637-4;Q04637-3;Q04637;Q04637-8;Q04637-9	RGRDAVKREAALPPVSPLKAALSEEELEKKS
151	EIF4H	1.27584	0.859334	NaN	NaN	Y	12	2	0				___1	Q15056;Q15056-2	____MADFDTYDDRAYSSFGGGRGSRGSAGG
152	ELAC2	NaN	NaN	-0.129529	1.57976	S	212	3				0	___1	Q9BQ52;G5E9D5;E7ES68;Q9BQ52-2;V9GYS7	WQSPERPLSRLSPERSSDSESNENEPHLPHG
153	ELF4	0.109561	2.4587	NaN	NaN	S	151	2		0			___1	A0A087WU18;Q99607	FPASEPDALNRAGDTSDQEGHSLEEKASREE
154	EMD	1.08563	1.72443	0.878294	1.97735	S	49	2		0		0	___1	P50402	YEKKIFEYETQRRRLSPPSSSAASSYSFSDL
155	EPB41	-0.446128	1.50975	-0.121126	1.97816	S	188	2		0		0	___2	P11171-2;P11171;P11171-7;P11171-5	GEGLEECSKIEVKEESPQSKAETELKASQKP
156	EPN2	3.09646	2.83839	3.10807	3.00963	Y	186	3	0	0	0	0	___1	I3L2B2;O95208-3;O95208-2;F6PQP6;O95208;E9PBC1	GSSQPNLSTSHSEQEYGKAGGSPASYHGSTS
157	EPS15	-0.639242	-0.766063	1.3274	0.709732	S	790	2			0		___1	P42566;B1AUU8;P42566-2	IGTPTRPCPLPPGKRSINKLDSPDPFKLNDP
158	EPS15L1	2.09241	2.09559	1.9018	1.62784	S	255	2	0	0	0	0	___2	Q9UBC2-2;Q9UBC2;Q9UBC2-3;M0R165;Q9UBC2-4;M0R2S2	PSHGSVSSLNSTGSLSPKHSLKQTQPTVNWV
159	ERF	2.26069	2.39865	2.79338	2.84728	S	21	3	0	0	0	0	___1	P50548	DTGFAFPDWAYKPESSPGSRQIQLWHFILEL
160	ESF1	-2.05709	-2.3907	NaN	NaN	S	694	2	0	0			___1	Q9H501	IGINKKSVKSAKDGTSPEEEIEIERQKAEMA
161	EXOSC9	0.0717627	-0.0915406	3.03481	2.4146	S	290	2			0	0	___1	D6RIY6;Q06265;Q06265-2;Q06265-3;Q06265-4	QRITAFKMEKAPIDTSDVEEKAEEIIAEAEP
162	EZR	4.2335	3.79587	4.12639	3.17879	Y	354	2	0	0	0	0	___1	P15311;E7EQR4	QMMREKEELMLRLQDYEEKTKKAERELSEQI
163	FAM114A2	0.929564	1.73044	1.42766	1.69702	S	145	3		0	0	0	___1	Q9NRY5;E7ESJ7;E5RGF9;I6L9D5	VKYVAGETNAKENENSSPVAGAFGVFSTIST
164	FAM118A	NaN	NaN	-2.60156	2.71403	T	146	3			0	0	___3	Q9NWS6;B0QY29	LQSILSLMDRGAMVLTTNYDNLLEAFGRRQN
165	FAM120A	1.67536	0.847115	NaN	NaN	Y	431	2	0				___1	Q9NZB2-4;Q9NZB2;Q9NZB2-6;Q9NZB2-5;Q9NZB2-2;Q5T035	NSYSNIPHEGKHTPLYERSSPINPAQSGSPN
166	FAM122A	-0.989192	-1.46021	-1.23722	-0.954278	S	62	2		0			___1	Q96E09	TSPVFQAEAPSARRNSTTFPSRHGLLLPASP
167	FAM175B	3.47703	3.09109	NaN	NaN	Y	342	2	0	0			___1	Q15018	RSVFMPRPQAVGSSNYASTSAGLKYPGSGAD
168	FAM193A	1.82583	1.65214	2.03457	1.53426	S	496	3	0	0	0	0	___1	E7EUR8;P78312-4;P78312-6;P78312-2;P78312;P78312-5;D6RFZ4;P78312-3	QSSNSQFRVSSKRPPSVGDVFHGISKEDHRH
169	FAM21C	NaN	NaN	1.2561	1.74769	S	352	2				0	___1	J3KP36;A0A0A0MR88;A0A096LPC5;Q9Y4E1-6;Q9Y4E1-4;Q9Y4E1-3;Q9Y4E1-2;Q9Y4E1;Q9Y4E1-5;E7ESD2;Q641Q2-2;Q641Q2;F8W7U3;A0A087WYF6;Q5SNT6	EDNLFAPPKLTDEDFSPFGSGGGLFSGGKGL;EDNLFTPPKLTDEDFSPFGSGGGLFSGGKGL
170	FAM63A	NaN	NaN	1.89216	1.35699	S	103	2			0	0	___1	Q8N5J2;Q8N5J2-3	VETIRACSMPQELPQSPRTRQPEPDFYCVKW
171	FAM65B	1.33285	1.23609	1.68361	1.33617	S	564	2	0		0	0	___2	F5GX51;Q9Y4F9;F5H029;B7Z6U4;Q9Y4F9-2	RLTSAEVPMATDRLLSEGSVGGESEGCRSFL
172	FASN	0.525969	1.17951	1.47088	1.78785	T	2204	3			0	0	___1	P49327	ELSSKADEASELACPTPKEDGLAQQQTQLNL
173	FBL	1.32798	0.982364	1.41061	1.32688	S	126	3	0		0	0	___1	P22087;M0QXL5;M0R299;M0R2Q4;M0R0P1;M0R2U2;M0R1H0;M0R2B0	LVPGESVYGEKRVSISEGDDKIEYRAWNPFR
174	FBXL6	NaN	NaN	-0.97926	1.38995	T	392	2				0	___1	Q8N531-2;Q8N531	SPNLRLLDLRGCARITPAGLQDLPCRELEQL
175	FBXO46	-1.50799	-0.326715	-1.23616	-1.48548	S	338	3	0			0	___1	Q6PJ61	VEFLLARADEASEGDSPAPARPEDTPPAPPP
176	FCHO1	1.91957	1.82289	1.93376	1.79277	S	577	2	0	0	0	0	___1	M0QZI3;O14526-3;O14526-2;O14526	EGLAAPPRRLRSRKVSCPLTRSNGDLSRSLS
177	FER	2.74902	2.80886	3.25986	2.52715	Y	345	2	0	0	0	0	___1	P16591-3;P16591-2;P16591	KISDFGMSRQEDGGVYSSSGLKQIPIKWTAP
178	FGFR1OP	NaN	NaN	2.39528	-0.384565	S	152	4			0		___2	O95684;O95684-2	QKEKGPTTGEGALDLSDVHSPPKSPEGKTSA
179	FKBP6	-1.66059	0.731096	NaN	NaN	S	20	4	0				___2	F8WD38;F8WD36;O75344-3;O75344	ALNQGVLEGDDAPGQSLYERLSQRMLDISGD
180	FLI1	NaN	NaN	-1.36105	-1.59968	S	39	2				0	___1	Q01543;A0A0A0MSR4	GAAAHLPKADMTASGSPDYGQPHKINPLPPQ
181	FOXH1	0.344942	-0.890091	-1.27879	-1.36997	S	236	2				0	___1	F5H8D7;M0QYS5;P18887	AASSASPVSRAIGSTSKPQESPKGKRKLDLN
182	FOXK1	NaN	NaN	1.03019	1.3514	S	239	3				0	___2	P85037;P85037-2;U3KQ26	PLKIHIPEPDLRSMVSPVPSPTGTISVPNSC
183	FOXK2	NaN	NaN	-2.89894	-3.23094	S	398	2			0	0	___1	Q01167-2;Q01167;A0A087WXM0	HSSGAQTPESLSREGSPAPLEPEPGAAQPKL
184	FRY	NaN	NaN	0.158208	2.31502	T	2722	3				0	___1	Q5TBA9	FSSLFKNIQKRFCFLTCDAASYLGDNLRGIG
185	FSIP2	-0.017271	1.28789	0.372618	1.70823	T	2760	3		0		0	___2	J3QTJ6;Q5CZC0;Q5CZC0-2;H7BZL6	PKPCFKAHLKTRSKITTLPKFTKKTHLGLSA
186	G3BP1	1.09302	1.31684	0.880176	1.00763	Y	125	3		0			___1	Q13283;E5RIZ6	QTFVLAPEGSVANKFYVHNDIFRYQDEVFGG
187	G3BP2	-1.76867	-1.44882	-1.81127	-1.02859	T	227	3	0	0	0		___1	Q9UN86-2;Q9UN86	QVEEKNLEELEEKSTTPPPAEPVSLPQEPPK
188	G6PD	1.36401	0.771548	NaN	NaN	Y	503	2	0				___1	P11413;P11413-2;P11413-3	GPTEADELMKRVGFQYEGTYKWVNPHKL___
189	GAB1	3.53928	3.12938	3.23879	2.42924	S	299	2	0	0	0	0	___1	B7Z3B9;Q13480;Q13480-2	TISTVDLNKLRKDASSQDCYDIPRAFPSDRS
190	GAGE1	NaN	NaN	-2.36023	NaN	S	135	4			0		___3	Q13065	TGILWLLMNNCFLNLSPRKP___________
191	GATAD2B	1.42578	1.92075	1.50589	1.40403	S	340	3	0	0	0	0	___2	Q8WXI9	QPGTVNRVSSPLPSPSAMTDAANSQAAAKLA
192	GCSAM	1.71677	1.59856	1.56608	1.14111	Y	133	2	0	0	0	0	___1	Q8N6F7-3;Q8N6F7;Q8N6F7-2	MPSTDPRHARSPEDEYELLMPHRISSHFLQQ
193	GDI2	1.28451	0.933346	NaN	NaN	Y	442	2	0				___1	P50395;P50395-2	SEFDFEEMKRKKNDIYGED____________
194	GEMIN8	1.65599	1.5036	1.87109	2.15769	T	182	3	0	0	0	0	___1	Q9NWZ8	RLDSYVNADHDLYCNTRRSVEAPTERPGERR
195	GIGYF2	1.49871	1.72019	1.38034	1.66175	S	26	2	0	0	0	0	___2	Q6Y7W6;I1E4Y6;Q6Y7W6-4;Q6Y7W6-5;E7ESB6;C9JHW1;Q6Y7W6-3;C9JW88;F8WCD5;C9JPV7;C9JXQ0;C9J0V6;C9JHT0;C9JRZ2	GPEWLRALSSGGSITSPPLSPALPKYKLADY
196	GMIP	NaN	NaN	1.19686	1.30964	S	919	2				0	___1	Q9P107;Q9P107-2	PRGSLRGRGPSPAAASPEGSPLRRTPLPKHF
197	GMPR2	0.797262	0.425459	1.28528	0.268434	S	28	2			0		___1	A0A087WWM4;H0YNJ6;Q9P2T1;Q9P2T1-2;H0YMB3;H0YLV5;F8WAN9;Q9P2T1-3;H0YMV5;H0YNH0;H0YMR9;H0YMG3;H0YKK3;H0YN74	KDVLLRPKRSTLKSRSEVDLTRSFSFRNSKQ
198	GORASP2	-1.3818	-0.982563	-1.40438	-0.836475	S	368	3	0		0		___1	Q9H8Y8-2;Q9H8Y8;Q9H8Y8-3	APTTVEDRVGDSTPVSEKPVSAAVDANASES
199	GPI	0.639603	1.78115	-0.153254	-0.214575	T	124	2		0			___1	A0A0A0MTS2;P06744;P06744-2;K7EQ48;K7EPY4;K7EP41	EGRAVLHVALRNRSNTPILVDGKDVMPEVNK
200	GRAMD1B	-4.91015	NaN	NaN	NaN	S	154	2	0				___1	E9PRD6;J3KNL5;E7EPH8;Q3KR37-2;Q3KR37	FRWETLLTVRLKDICSMTKEKTARLIPNAIQ
201	GRAP	9.86949	-0.0675608	9.42167	-0.276572	S	188	4	0		0		___3	I3L2P9	FLQELRSREDMDTPSSVRVTRGSVDGLGLNV
202	GSK3B	1.22311	1.13205	1.30364	1.15036	S	9	3	0		0		___1	P49841;P49841-2	_______MSGRPRTTSFAESCKPVQQPSAFG
203	GTF2I	NaN	NaN	-1.58688	-1.62816	S	103	2			0	0	___1	P78347-2;P78347-4;P78347-3;P78347;P78347-5	AEMHKMKSTTQANRMSVDAVEIETLRKTVED
204	GTF3C1	1.25659	1.39226	1.60246	1.6332	S	1062	2	0	0	0	0	___2	Q12789-3;Q12789	NTPLGVVRCPRVRKNSSTDQGSDEEGSLQKE
205	GTPBP1	-0.369744	1.56027	-0.390453	1.54523	S	25	3		0		0	___1	O00178;F8WAZ4	MDSPVPASMFAPEPSSPGAARAAAAAARLHG
206	GTSE1	2.32245	2.20936	NaN	NaN	S	477	2	0	0			___1	Q9NYZ3	PDSSTPKLSRAQRPQSCTSVGRVTVHSTPVR
207	GYPB	3.33714	-0.00515967	NaN	NaN	S	12	3	0				___2	D6RAD9	____MYGKIIFVLLLSGDGANPENSGRRGQK
208	GYPC	NaN	NaN	0.929488	2.94319	S	21	3				0	___1	P04921-2;P04921	TTMHTTTIAEPDPGMSGWPDGRMETSTPTIM
209	HBS1L	1.7919	2.29016	1.96225	3.53095	S	246	2	0	0	0	0	___1	Q9Y450-2	MSRDSCESQPSVRLSSTDSLESLLSKNLDAD
210	HCCS	1.49692	1.40523	1.26987	1.41007	Y	63	2	0	0	0	0	___1	P53701	KKTYSVPAHQERAYEYVECPIRGTAAENKEN
211	HCK	2.21114	2.02084	1.80583	1.23756	Y	397	2	0	0	0	0	___1	H0Y3C5;J3KPD6;P08631-3;P08631-2;P08631-4;P08631;P07948;P07948-2	KIADFGLARVIEDNEYTAREGAKFPIKWTAP
212	HCLS1	2.3835	2.09089	1.61984	1.43173	Y	175	4	0	0	0	0	___1	P14317	RYGVEKDKWDKAALGYDYKGETEKHESQRDY
213	HDGFRP2	2.67807	2.96958	2.77043	2.58609	S	454	3	0	0	0	0	___1	Q7Z4V5;Q7Z4V5-3;K7ERA4;Q7Z4V5-2;Q7Z4V5-4	KQQAKPVKVERTRKRSEGFSMDRKVEKKKEP
214	HECTD2	0.162855	-2.80611	NaN	NaN	Y	641	4		0			___3	E7ERR3;Q5U5R9;X6R824	DFLLNKSIYKQFAAFYYGFHSVCASNALMLL
215	HERC1	0.659285	0.420509	4.25467	3.03051	S	1428	3			0	0	___1	Q15751;H0YNB1	RADDPPPQSQQERRVSTDLPEGQDVYTAACN
216	HGS	4.05745	3.89598	3.505	3.30036	Y	286	2	0	0	0	0	___1	O14964-2;O14964;I3L1E3	QSEAEEKERLRQKSTYTSYPKAEPMPSASSA
217	HMGA1	1.02467	0.653243	1.3217	0.0360461	S	8	2			0		___1	P17096;P17096-3;E5RIT9;P17096-2	________MSESSSKSSQPLASKQEKDGTEK
218	HNRNPUL1	-1.6599	-1.5107	NaN	NaN	S	565	3	0	0			___1	M0R3F1;A0A0A0MRA5;B7Z4B8;Q9BUJ2-4;Q9BUJ2-2;Q9BUJ2;Q9BUJ2-3;Q9BUJ2-5	PPPPQPPPQQPPPPPSYSPARNPPGASTYNK
219	HPS4	0.994362	1.45754	1.22743	0.55277	S	373	2		0			___1	F1LLU8;Q9NQG7-2;Q9NQG7-3;Q9NQG7;Q9NQG7-4	GLHNSARGEVLGLSSSLGKELVFLQEELDLS
220	HSH2D	1.36188	0.720629	0.550704	0.828063	S	194	2	0				___1	Q96JZ2;Q96JZ2-2	NRITTKEATSSCPPKSPLGETRQKLWRSLKM
221	HSP90AA1	1.80194	1.53884	NaN	NaN	Y	276	2	0	0			___1	P07900;P07900-2;Q14568;P08238;Q58FF8	KKDGDKKKKKKIKEKYIDQEELNKTKPIWTR;SGKDKKKKTKKIKEKYIDQEELNKTKPIWTR
222	HSP90AB1	1.75322	1.92471	1.48553	0.848077	Y	596	3	0	0	0		___1	P08238	SNRLVSSPCCIVTSTYGWTANMERIMKAQAL
223	HUWE1	NaN	NaN	0.120086	1.65343	S	1084	2				0	___3	Q7Z6Z7-2;Q7Z6Z7-3;Q7Z6Z7	LLVKLCVGSPVRQRRSHHAASTTTAPTPAAR
224	HVCN1	2.17884	2.7988	2.72013	2.35282	Y	15	3	0	0	0	0	___1	Q96D96-4;Q96D96;Q96D96-3;F8W0B3;F8VPF7;Q96D96-2;F8VS40	_MSKFLRHFTVVGDDYHAWNINYKKWENEEE
225	ID2	0.874994	1.34164	0.811307	1.08597	S	14	3		0			___1	Q02363	__MKAFSPVRSVRKNSLSDHSLGISRSKTPV
226	IFI30	NaN	NaN	2.41738	-0.458961	S	242	2			0		___3	P13284	QLYQGKKPDVCPSSTSSLRSVCFK_______
227	IFT46	NaN	NaN	0.539729	1.40469	S	41	3				0	___1	E9PMR8;E9PR06;Q9NQC8-2	GHRGKDMDPVPPAPASLKCHQTPSHVLERVG
228	IGKC	NaN	NaN	2.04743	1.41943	S	220	3			0	0	___1	A0A087X130;A0A087WZW8;A0A087WYL9;A0A087WWV8;A0A087WTX5;P01834;A0A075B6H6	KHKVYACEVTHQGLSSPVTKSFNRGEC____
229	IKZF3	2.02609	1.67283	1.43638	1.29143	Y	96	2	0	0	0	0	___1	Q9UKT9;Q9UKT9-4;Q9UKT9-7;Q9UKT9-6;Q9UKT9-2;Q9UKT9-3;Q9UKT9-8;Q9UKT9-15;Q9UKT9-13;Q9UKT9-5;Q9UKT9-14	EEPEIPYSYSREYNEYENIKLERHVVSFDSS
230	IL16	2.48262	1.39166	NaN	NaN	S	265	2	0	0			___1	Q14005-3;Q14005-2;Q14005;H0YLH9;Q14005-4	ESQGPVLKMPSQRARSFPLTRSQSCETKLLD
231	INPP5D	2.63946	2.10444	2.14525	1.60122	Y	864	3	0	0	0	0	___1	Q92835-2;Q92835;Q92835-3;H0Y5Q9	EIKLQTSQGKTREKLYDFVKTERDESSGPKT
232	INPPL1	3.55065	3.52594	2.16855	1.6633	Y	886	3	0	0	0	0	___1	O15357;A0A0A0MTP6;O15357-2	KVRVPTERLGTRERLYEWISIDKDEAGAKSK
233	IQGAP1	2.50508	2.72172	2.61636	2.0841	Y	855	3	0	0	0	0	___1	P46940;H0YLE8	IKIQAFIRANKARDDYKTLINAEDPPMVVVR
234	IQGAP2	1.52326	1.92975	1.79294	2.02758	S	16	2	0	0	0	0	___1	Q13576	MPHEELPSLQRPRYGSIVDDERLSAEEMDER
235	IRF2BP2	1.01892	1.57966	2.13632	1.96099	S	240	3		0	0	0	___1	Q7Z5L9-2;Q7Z5L9	GSAQPTDLGAHKRPASVSSSAAVEHEQREAA
236	ITPKB	1.64219	1.61179	2.36272	1.86722	S	43	2	0	0	0	0	___1	P27987-2;P27987	PSGSETPPPPRRAVLSPGSVFSPGRGASFLF
237	ITSN2	2.43733	2.20251	1.49851	1.21586	Y	951	3	0	0	0	0	___1	A0A087WVF7;Q9NZM3-2;Q9NZM3;Q9NZM3-4;Q9NZM3-3	IIPGSEVKREEPEALYAAVNKKPTSAAYSVG
238	JADE1	NaN	NaN	-1.8581	-1.37538	S	89	3			0	0	___3	Q6IE81;D6RCS1;D6RC05;D6RBB3;D6RFK0;D6RGE7;Q6IE81-3;Q6IE81-2	DPWRQEWEKGVQVPVSPGTIPQPVARVVSEE
239	JUND	NaN	NaN	-1.80526	-0.764665	S	255	3			0		___1	P17535;U3KPR5	KDEPQTVPDVPSFGESPPLSPIDMDTQERIK
240	KCNAB2	-0.370863	1.32302	NaN	NaN	S	9	2		0			___1	Q13303;Q13303-2;Q13303-5;Q5TG81;Q5TG80;Q5TG78;Q5TG84	_______MYPESTTGSPARLSLRQTGSPGMI
241	KDELC2	-2.94697	0.755913	NaN	NaN	T	436	3	0				___1	Q7Z4H8-2;H0YEM3;Q7Z4H8	EVRDGMELVPQPEDSTAICQCHRKKPSREEL
242	KIAA0101	-0.549113	-1.76009	NaN	NaN	S	29	2		0			___3	Q15004;H0YMA4;Q15004-2	RKVVAARAPRKVLGSSTSATNSTSVSSRKAE
243	KIAA0415	-0.805585	-1.12935	-1.24732	-1.2992	S	431	2				0	___3	A4D1Z4;P85037;P85037-2	SAPASPTHPGLMSPRSGGLQTPECLSREGSP
244	KIAA1217	-1.49635	NaN	NaN	NaN	S	738	2	0				___3	Q5T5P2-3;Q5T5P2;Q5T5P2-8;Q5T5P2-6;Q5T5P2-7;Q5T5P2-10;Q5T5P2-4;Q5T5P2-9;Q5T5P2-2	LGGKSPPPPPPPPRRSYLPGSGLTTTRSGDV
245	KIAA1429	-1.50721	2.21782	-1.54511	0.837297	S	133	4	0	0	0		___1	Q69YN4;Q69YN4-3;Q69YN4-2;Q69YN4-4	NCLTLAIYGSVDRVISHDRDSPPPPPPPPPP
246	KIAA1731	-2.76641	NaN	NaN	NaN	S	632	2	0				___2	Q9C0D2;Q9C0D2-3;H0YDK0	VSAPSLITDSVISVPSWKSERPTAISEHWDQ
247	KIF13A	-1.94558	-0.627405	NaN	NaN	T	1674	3	0				___2	Q9H1H9-3;H0Y9Z7;Q9H1H9-4;Q9H1H9-2;Q9H1H9	SKISQPARGFCPREVTVEHTTNILEDHSFTE
248	KIR3DP1	-0.421264	-2.15817	-0.562048	NaN	T	118	3		0			___1	A8MWS1	LTGWSAPSNPLVIMVTGVHRKPSLLAHPGPL
249	KLC2	2.96012	0.465295	NaN	NaN	S	581	2	0				___1	Q9H0B6;Q9H0B6-2;A8MZ87	GGTPQEPPNPRMKRASSLNFLNKSVEEPTQP
250	L3MBTL2	0.480575	1.43189	0.596935	0.604925	S	67	2		0			___2	Q969R5;Q969R5-2;Q969R5-3;H7C228	SEAENEDREAGELPTSPLHLLSPGTPRSLDG
251	LARP1	1.91456	2.06891	2.24141	2.46608	T	376	3	0	0	0	0	___1	Q6PKG0;Q6PKG0-3;E5RH50;H0YBW1;H0YAN4	YQFGYRKFDGVEGPRTPKYMNNITYYFDNVS
252	LARP4B	2.08845	2.00935	NaN	NaN	T	566	2	0	0			___1	Q92615;H0Y4V9;H0Y641	ENRLSSLIIGPSKERTLSADASVNTLPVVVS
253	LAT2	3.6783	2.69475	3.41359	2.47949	Y	136	3	0	0	0	0	___1	Q9GZY6	WGRFSKPPEDDDANSYENVLICKQKTTETGA
254	LATS1	NaN	NaN	0.591392	1.76052	S	462	2				0	___1	O95835-2;O95835	SGHEIPTWQPNIPVRSNSFNNPLGNRASHSA
255	LAX1	2.39947	1.40458	0.477056	-0.609178	Y	17	2	0	0			___1	Q8IWV1-2;Q8IWV1-3;Q8IWV1	PLLTLPQTRQRAKNIYDILPWRQEDLGRHES
256	LCK	2.09461	1.92155	1.53077	0.885887	Y	394	2	0	0	0		___1	P06239;P06239-3;Q573B4	KIADFGLARLIEDNEYTAREGAKFPIKWTAP
257	LCP1	2.40433	2.76708	2.9286	2.81502	S	5	2	0	0	0	0	___1	P13796;Q5TBN3;Q5TBN5	___________MARGSVSDEEMMELREAFAK
258	LIME1	1.78375	1.51329	0.914105	0.762646	Y	192	2	0	0			___1	A0A087WUJ1;Q9H400;Q9H400-2	QGKTEVTPAAQVDVLYSRVCKPKRRDPGPTT
259	LITAF	-0.0736209	0.706729	-0.502607	1.34352	S	184	2				0	___2	F5H7D6;H0YNT2;H0YKT5;H0YKN8;H0YL70;Q04726-2;Q04726-7;Q04726-3;Q04726-6;Q04726-5;Q04726-4;Q04726;H0YLI3;H0YKH0;H0YLW9	KKRKAEEKDSLSRYDSDGDKSDDLVVDVSNE
260	LMO7	1.50853	1.67401	0.477056	-0.279739	Y	185	3	0	0			___1	E9PMS6;Q8WWI1-3;F8WD26;J3KP06;Q8WWI1-4;Q8WWI1-2;Q8WWI1;E9PMP7	LITLYWLGRKAQSNPYYNGPHLNLKAFENLL
261	LNPEP	1.51081	1.29578	1.12406	0.563549	Y	51	3	0	0			___1	Q9UIQ6-3;Q9UIQ6-2;Q9UIQ6	VRGLGEHEMEEDEEDYESSAKLLGMSFMNRS
262	LPIN1	-0.234703	2.96077	NaN	NaN	S	294	2		0			___1	Q14693;Q14693-2;Q14693-4;Q14693-3;Q14693-5;Q14693-7;A0A0A0MS66;Q14693-6	PQAAKSSSPHKMKESSPLSSRKICDKSHFQA
263	LPXN	1.81693	1.51874	1.54715	0.910349	Y	22	3	0	0	0		___1	O60711;O60711-2;E9PNX9	LLEELERSTLQDSDEYSNPAPLPLDQHSRKE
264	LRCH3	-1.49671	-1.69937	-1.47041	-0.953188	S	419	2	0	0	0		___1	Q96II8-3;Q96II8;Q96II8-2	QFMAYIEQRRISHEGSPVKPVAIREFQKTED
265	LRMP	1.74519	1.90095	2.54179	2.51041	S	307	3	0	0	0	0	___1	Q12912-2;Q12912;F5H006;F8W9L6	PLEDDDDCQIKKRSASLNSKPSSLRRVTIAS
266	LRRFIP2	-0.563923	-1.42132	-0.923742	-1.56559	S	88	2		0		0	___1	Q9Y608-4;Q9Y608;C9JSU1;Q9Y608-2;Q9Y608-5	TRPSSRNSASATTPLSGNSSRRGSGDTSSLI
267	LSM11	-0.377295	-0.0399925	0.157949	1.34517	S	15	3				0	___2	P83369	_MEERERGARSAGAGSPARPPSPRLDVSSDS
268	LSP1	0.431248	-0.45504	-1.74347	-1.73701	S	189	3			0	0	___1	P33241;P33241-3;E7EMG9;P33241-2;E9PBD8	RTPSPLVLEGTIEQSSPPLSPTTKLIDRTES
269	LYN	2.33954	1.79165	NaN	NaN	Y	32	2	0	0			___1	P07948;E5RJ37	VDLKTQPVRNTERTIYVRDPTSNKQQRPVPE
270	MACF1	1.4298	2.05294	1.28303	0.950394	S	1371	2	0	0			___1	H3BPE1;H3BQK9;Q9UPN3;Q9UPN3-4;H0Y390;E9PNZ4;E9PLY5	VESQQKSPGKRRRMLSSSDAITQEFMDLRTR
271	MAML1	0.422341	-1.79071	NaN	NaN	S	462	2		0			___1	Q92585	EKPASPSSYKQDFTNSKLLMMPSVNKSSPRP
272	MAP1A	-1.66841	-0.670153	-1.47782	-0.361824	S	2420	3	0		0		___1	E9PGC8;P78559;P78559-2	AFGFSSLQPAPPQLPSPAEPRSAPCGSLAFS
273	MAP1B	3.07485	4.12549	2.98382	2.75241	S	1252	2	0	0	0	0	___1	P46821	LDIKDSISAVSSEKVSPSKSPSLSPSPPSPL
274	MAP3K19	NaN	NaN	-1.07367	1.31214	T	485	2				0	___1	H7C041;Q56UN5-2;Q56UN5-3;Q56UN5;Q56UN5-7;Q56UN5-5	TSQGQLIAVKQVALDTSNKLAAEKEYRKLQE
275	MAP4	-1.44485	-1.4069	-1.87514	-1.31872	S	2073	2	0	0	0	0	___1	E7EVA0;P27816-4;B5MEG9;P27816;P27816-6;P27816-2;H0Y2V1;F8W9U4;P27816-5;H7C4C5	PSSTTPRLSRLATNTSAPDLKNVRSKVGSTE
276	MAP4K1	NaN	NaN	1.92387	1.43755	Y	24	2			0	0	___1	K7ER95;Q92918-2;Q92918;K7EKT6	PRDHYDLLQRLGGGTYGEVFKARDKVSGDLV
277	MAP4K2	-0.575959	-0.718664	-1.2947	-1.30618	S	394	2				0	___1	Q12851-2;Q12851	RSLTIRSASEFQELDSPDDTMGTIKRAPFLG
278	MAP4K5	NaN	NaN	2.0171	1.47181	Y	31	2			0	0	___1	A0A0A0MQR1;Q9Y4K4;G3V4T8;G3V3V7;G3V4Q4	PQQDYELVQRVGSGTYGDVYKARNVHTGELA
279	MAP7D1	-0.742241	3.8265	-0.565588	6.14006	S	378	2		0		0	___1	Q3KQU3-4;Q3KQU3;Q3KQU3-2	NAGGSPAPVRRRPEASPVQKKEKKDKERENE
280	MAPK1	3.55827	3.33885	3.29851	3.14199	Y	187	3	0	0	0	0	___1	P28482;P28482-2	RVADPDHDHTGFLTEYVATRWYRAPEIMLNS
281	MAPK12	NaN	NaN	-1.49651	-1.13258	T	93	2			0		___1	B5MDL5;P53778-2;P53778	KILDFGLARQADSEMTGYVVTRWYRAPEVIL
282	MAPK3	3.45088	3.19488	3.23146	3.28979	Y	204	2	0	0	0	0	___1	E9PQW4;P27361-2;P27361-3;P27361;E9PJF0;B3KR49	RIADPEHDHTGFLTEYVATRWYRAPEIMLNS
283	MAPK7	-0.137854	1.46942	1.52391	2.35092	Y	82	3		0	0	0	___1	Q13164-2;Q13164;I3L0J8;C9JUK9;Q13164-4;Q13164-3	GLCTSPAEHQYFMTEYVATRWYRAPELMLSL
284	MAPK8	NaN	NaN	-0.591832	-1.48576	T	188	2				0	___1	P45983-3;P45983-5;P45983-2;P45983-4;A6NF29;Q499Y8;A8MWW6;H0Y9H3;P53779-4;P53779-2;P53779-3;P45983;P53779	ARTAGTSFMMTPYVVTRYYRAPEVILGMGYK
285	MARCKSL1	2.85772	2.21698	3.05238	1.82216	S	104	2	0	0	0	0	___1	P49006	KKKFSFKKPFKLSGLSFKRNRKEGGGDSSAS
286	MARK2	-0.260912	2.41403	-2.05691	0.765535	T	691	2		0	0		___2	E9PC69;Q7KZI7-15;Q7KZI7-16;Q7KZI7-14;E7ETY4;Q7KZI7-13;Q7KZI7-11;Q7KZI7-8;Q7KZI7;Q7KZI7-5;Q7KZI7-4;Q7KZI7-9;Q7KZI7-12;Q7KZI7-3;Q7KZI7-6;Q7KZI7-10;Q7KZI7-7;Q7KZI7-2	REAKPRSLRFTWSMKTTSSMEPNEMMREIRK
287	MAST2	1.90312	2.20586	2.03178	2.9818	S	209	3	0	0	0	0	___1	Q6P0Q8;Q6P0Q8-2;V9GXZ1	HGHTGNSPLDSPRNFSPNAPAHFSFVPARRT
288	MAX	2.75867	-0.984474	2.16511	-0.157399	S	11	2	0		0		___1	P61244-2;G3V563;G3V2R5;Q6V3B1	_____MSDNDDIEVESDADKRAHHNALERKR
289	MBD1	-1.1642	-0.925412	-1.0737	-1.46761	S	198	4				0	___1	K7EPZ6;A0A0A0MS90;Q9UIS9-4;Q9UIS9-11;Q9UIS9-7;Q9UIS9-6;Q9UIS9-5;Q9UIS9-10;Q9UIS9;Q9UIS9-9;Q9UIS9-12	RRPGAQPLPPPPPSQSPEPTEPHPRALAPSP
290	MBTPS2	NaN	NaN	-0.10245	2.43877	S	44	3				0	___1	B9ZVQ3;O43462	YFKHSYEDWLENNGLSISPFHIRWQTAVFNR
291	MCAT	-0.455851	-3.25732	NaN	NaN	T	72	2		0			___1	V9GYY6	GSLGVRDTAKNDTGPTQVMGREHMDRGDIGT
292	MCM5	NaN	NaN	-1.49574	-0.40442	S	315	2			0		___1	P33992;B1AHB1	QVDTDGSGRSFAGAVSPQEEEEFRRLAALPN
293	MED1	-1.68719	-1.2523	-0.822044	-0.428721	T	1215	2	0				___2	Q15648	GGSDKLASPMKPVPGTPPSSKAKSPISSGSG
294	MED26	-0.50705	-0.515852	-1.76063	-1.82536	S	535	3			0	0	___1	O95402	STRQGARQLHVLVPQSPPTDLPGLTREVTQD
295	MEF2C	-0.233956	-0.291716	-0.0546171	3.37309	S	238	2				0	___1	Q06413-2;Q06413;Q06413-4;D6R9J8;Q06413-3;D6RJG6;Q06413-6;Q06413-5	LLVSPGNLNKNMQAKSPPPMNLGMNNRKPDL
296	MEF2D	0.862194	1.10037	1.71651	1.56672	S	121	2			0	0	___1	Q14814-4;Q14814;Q05BX2	SLEQSPLLEDKYRRASEELDGLFRRYGSTVP
297	MEPCE	1.0474	1.32544	-0.332607	-0.442457	S	152	3		0			___1	Q7L2J0	QPHRPPGGGGGKRRNSCNVGGGGGGFKHPAF
298	METTL1	1.88245	2.0769	2.44448	2.1172	S	27	3	0	0	0	0	___1	Q9UBP6;F8VSD9;H0YHX0;Q9UBP6-2	EAPPPQKRYYRQRAHSNPMADHTLRYPVKPE
299	METTL16	-1.0063	-1.74938	-1.08235	-1.51833	S	94	2		0		0	___2	K7EKQ8	GPGYPRAKMARGHLASTPYLEQP________
300	MEX3C	NaN	NaN	-1.39115	-0.616702	S	537	3			0		___3	Q5U5Q3;M9T4I7	FGSDPSGNMKTQRRGSQPSTPRLSPTFPESI
301	MGST1	-3.45546	-4.75719	-3.04335	-4.49857	S	18	4	0	0	0	0	___2	P10620;F5H7F6;F5H6X2;P10620-2;F5GX73;F5H613	DLTQVMDDEVFMAFASYATIILSKMMLMSTA
302	MICAL3	NaN	NaN	2.61131	0.508226	S	1792	2			0		___2	Q7RTP6;J3QQT0;J3KRP8	VLPVVRAELQLRRQLSFSEDSDLSSDDVLEK
303	MIER1	NaN	NaN	-1.44859	-2.86986	S	342	2			0	0	___1	Q8N108-17;Q8N108;Q8N108-13;Q8N108-12;Q8N108-19;Q8N108-16;Q8N108-14;Q8N108-18;Q8N108-15	PGVTDYMDRLLDESESAASSRAPSPPPTASN
304	MKL1	1.23315	1.88908	NaN	NaN	S	511	2	0	0			___1	E7ER32;A0A087X287;W0Z7M9;Q969V6;B0QY83;A0A087WU73	ILVKEEGPRAGSCCLSPGGRAELEGRDKDQM
305	MKL2	NaN	NaN	0.97159	1.2532	S	882	2				0	___1	Q9ULH7-4;Q9ULH7;Q9ULH7-5;I3L2A0	LIKSGEISLPIKEEPSPISKMRPVTASITTM
306	MLF2	3.51197	2.23701	3.07651	2.24899	S	238	2	0	0	0	0	___1	Q15773	RAEGPPRLAIQGPEDSPSRQSRRYDW_____
307	MLLT1	-1.01794	-1.26178	-1.0949	-1.37165	S	267	2				0	___1	Q03111	KEPKMALKETKLESTSPKGGPPPPPPPPPRA
308	MON2	1.69773	1.58568	2.22064	2.47444	S	1182	3	0	0	0	0	___1	Q7Z3U7-2;Q7Z3U7-6;Q7Z3U7-5;Q7Z3U7;Q7Z3U7-3	KSFQEILQIVSPVRDSDKPETPPVVNVPVPV
309	MORC2	2.54873	2.57032	1.78969	1.38045	S	677	3	0	0	0	0	___2	Q9Y6X9-2;Q9Y6X9	ESPIKLSPATPSRKRSVAVSDEEEVEEEAER
310	MROH2A	NaN	NaN	2.05651	0.692873	S	1602	3			0		___2	F8VUA0;A0A087WT58;A6NES4	YRFLLETMAYVKNNLSRIRIAACNLAGIIMK
311	MRPS28	-1.72609	NaN	NaN	NaN	S	89	3	0				___3	E5RK86	KGTRVRLRLLDLELTSRFLGATTDTTVLEAN
312	MTO1	NaN	NaN	-0.746834	1.22521	T	192	3				0	___3	Q9Y2Z2-4;Q9Y2Z2;Q9Y2Z2-6;Q9Y2Z2-5;Q9Y2Z2-3	VLVDGSTVYAESVILTTGTFLRGMIVIGLET
313	MVP	-3.66082	-0.902039	-4.03834	-1.35199	T	124	2	0		0	0	___3	H3BNF6	IPLDENEGIYVQDVKTGKVRAVIGSTYMLTQ
314	MYCBP2	NaN	NaN	1.54543	2.2198	S	2831	2			0	0	___1	O75592-2;O75592	STAPVKTKLDPPRERSKSDSYTLDPDTLRKK
315	MYH9	1.98353	0.920598	NaN	NaN	Y	11	2	0				___1	P35579;Q5BKV1;B1AH99	_____MAQQAADKYLYVDKNFINNPLAQADW
316	MYO9B	-1.44811	-1.32081	-0.503078	-1.30875	S	1267	2	0			0	___2	Q13459-2;Q13459;M0R300;M0R0P8	TSLALDSRVSPPAPGSAPETPEDKSKPCGSP
317	NAA16	NaN	NaN	-0.307019	-1.62442	Y	86	3				0	___1	Q6N069;Q6N069-5;Q6N069-4;Q6N069-3;Q6N069-2;Q9BXJ9;Q9BXJ9-4	KGLRNDVKSHVCWHVYGLLQRSDKKYDEAIK;RGLRNDLKSHVCWHVYGLLQRSDKKYDEAIK
318	NAB1	NaN	NaN	-1.16033	-1.46287	S	394	2				0	___1	B8ZZS2;Q13506-2;Q13506;H0Y4C5	NQAGYERLQHAERRLSAGLYRQSSEEHSPNG
319	NAV3	NaN	NaN	0.989357	3.7632	S	1090	4				0	___3	Q8IVL0-3;Q8IVL0-2;Q8IVL0;H0YHA8	SSAMITSSGATITSGSATLGKIPKSAAIGGK
320	NCAPD2	-1.65594	-1.2424	NaN	NaN	S	1330	3	0				___1	Q15021	SAKKPSTGSRYQPLASTASDNDFVTPEPRRT
321	NCBP1	2.70122	3.40953	3.02965	3.09148	S	22	3	0	0	0	0	___1	Q09161;F2Z2T1	SDENDGGQPHKRRKTSDANETEDHLESLICK
322	NCK1	3.29537	3.94972	2.67471	2.77665	Y	105	2	0	0	0	0	___1	P16333;C9K098;C9JVV5;C9J869;P16333-2;H7C5C7;C9JAB9	ASPADDSFVDPGERLYDLNMPAYVKFNYMAE
323	NCL	1.00216	1.33319	NaN	NaN	S	580	2		0			___1	H7BY16;P19338	NARSQPSKTLFVKGLSEDTTEETLKESFDGS
324	NCOA7	0.656176	0.607957	-3.14497	-2.66356	T	210	2			0	0	___2	Q8NI08-2;Q8NI08;Q8NI08-7;Q8NI08-4;Q8NI08-3	LARKALKPIERVLSSTSEEDEPGVVKFLKMN
325	NEDD1	NaN	NaN	0.934781	1.46027	S	322	3				0	___1	Q8NHV4-2;Q8NHV4;Q8NHV4-3	SSFDDTGKSSLGDMFSPIRDDAVVNKGSDES
326	NEMF	NaN	NaN	1.30894	1.4742	S	789	2			0	0	___1	G3V5V3;O60524-4;O60524-5;O60524-3;O60524;O60524-2	LSAKERREMKKKKLPSDSGDLEALEGKDKEK
327	NFATC2	-1.43472	-0.741397	-0.662597	1.18878	S	306	2	0				___1	Q13469-3;Q13469-4;Q13469-2;Q13469;Q13469-5	ATDSPCGIPPKMWKTSPDPSPVSAAPSKAGL
328	NFIA	0.855272	1.44864	1.78094	2.8759	S	280	3		0	0	0	___2	Q12857-2;B1AKN5;B1AKN8;Q12857-3;Q12857;Q12857-4;S4R3W2;B1AKN7	SLPSTSSTSSTKRLKSVEDEMDSPGEEPFYT
329	NOA1	-2.17658	-2.18488	-1.25047	-1.2052	Y	77	2	0	0			___1	Q8NC60	FGEGGDMQERFLFPEYILDPEPQPTREKQLQ
330	NOP2	2.38081	2.37574	1.87366	1.34732	S	58	2	0	0	0	0	___1	P46087-2;P46087;P46087-4;A0A087WV73;P46087-3;F5H5X6;F5GWB7;F5H709;F5H359	LSSRARKRAAKRRLGSVEAPKTNKSPEAKPL
331	NSFL1C	2.75593	4.04028	NaN	NaN	S	165	3	0	0			___1	Q9UNZ2;Q9UNZ2-5;F2Z2K0;Q9UNZ2-6	FAGGGYRLGAAPEEESAYVAGEKRQHSSQDV
332	NSUN5	0.244522	1.35592	0.188021	1.12862	S	327	2		0			___1	Q96P11-2;Q96P11;Q96P11-4;Q96P11-5;Q63ZY6;Q63ZY6-5;Q63ZY6-4	GMPSRQLEEPGAGTPSPVRLHALAGFQQRAL
333	NUP50	2.27283	2.64464	2.55043	2.0131	S	221	2	0	0	0	0	___1	Q9UKX7;Q9UKX7-2	RNSESESNKVAAETQSPSLFGSTKLQQESTF
334	NUP85	-0.25008	-0.115535	1.31208	0.494569	T	507	3			0		___1	J3QL54;J3KT10;Q9BW27-3;Q9BW27;F5H0W7;J3KS87	LEDLTSRRPVHGESDTEQLQDDDIETTKVEM
335	NUP98	NaN	NaN	1.18066	1.45112	S	612	2				0	___1	P52948-6;P52948-5;P52948;P52948-2;P52948-4;P52948-3;H0YEN4	IKKLVLKNLNNSNLFSPVNRDSENLASPSEY
336	OCIAD1	1.36278	1.5033	1.34403	1.05033	Y	199	2	0	0	0		___1	Q9NX40;D6RDK6;D6RBN5	PDPNLEESPKRKNITYEELRNKNRESYEVSL
337	OFD1	0.930397	2.11676	NaN	NaN	Y	876	3		0			___1	O75665-3;O75665;A6NF31	LQEVLERERRELEKLYQERKMIEESLKIKIK
338	OXR1	2.27959	1.97918	NaN	NaN	S	193	2	0	0			___2	Q8N573-2;Q8N573-5;Q8N573-8;Q8N573;Q8N573-3	TPSSTFTGIRPARVVSSTSEEEEAFTEKFLK
339	PAG1	1.51828	1.03238	0.428035	-0.0132323	Y	417	2	0				___1	Q9NWQ8	LGTNGHHGLVPKENDYESISDLQQGRDITRL
340	PANK4	1.08304	1.90828	NaN	NaN	T	367	2		0			___1	E9PHT6;Q9NVE7;H0YA31;H0YA26	SASPELGPAQRARSGTFDLLEMDRLERPLVD
341	PAPD7	4.11811	3.20323	1.47004	1.16504	Y	569	3	0	0	0	0	___1	Q5XG87;Q5XG87-2	TCNGEQTQNREPESPYGQRLTLSLSSPQLLS
342	PAPOLG	3.16745	3.65775	3.04899	3.46388	S	708	3	0	0	0	0	___1	Q9BWT3;Q9BWT3-2	MPIPTIDTSRKKRLPSKELPDSSSPVPANNI
343	PARP1	-0.787667	1.44393	-0.161169	0.233275	S	179	2		0			___1	P09874	VKNREELGFRPEYSASQLKGFSLLATEDKEA
344	PCF11	-2.32503	-2.1612	-0.346151	-0.389924	S	489	2	0	0			___1	E9PQ01;E9PKN0;O94913	SSTRKRSRSRSPKSRSPIIHSPKRRDRRSPK
345	PDAP1	0.340505	-0.0352391	4.91967	2.51664	S	63	2			0	0	___1	Q13442	AGDPKKEKKSLDSDESEDEEDDYQQKRKGVE
346	PDCD4	1.75886	1.86346	1.72303	1.52787	S	446	2	0	0	0	0	___1	Q53EL6-2;Q53EL6	QLRDLCPSRGRKRFVSEGDGGRLKPESY___
347	PDHA1	-1.80198	-1.25567	-1.92758	-1.8725	S	300	2	0	0	0	0	___1	P08559;P08559-4;P08559-3;P08559-2;Q5JPU3;P29803	QTYRYHGHSMSDPGVSYRTREEIQEVRSKSD
348	PFKFB3	-0.536901	-0.273901	-1.43968	-1.38632	S	461	2			0	0	___1	Q5W015;Q5VX20;Q16875-3;Q16875-2;Q16875;Q16875-4;Q9H178	SEDAKKGPNPLMRRNSVTPLASPEPTKKPRI
349	PGM1	-0.174019	3.38391	-0.200332	2.21546	T	115	3		0		0	___1	P36871;P36871-2	SCIIRKIKAIGGIILTASHNPGGPNGDFGIK
350	PI4K2A	NaN	NaN	1.29054	1.1238	S	9	2			0		___1	Q9BTU6	_______MDETSPLVSPERAQPPDYTFPSGS
351	PIEZO1	2.49377	2.85796	2.98721	2.85671	S	1619	2	0	0	0	0	___2	Q92508	TDDMGSPLSTGYHTRSGSEEAVTDPGEREAG
352	PIK3AP1	1.76311	1.45423	1.66721	1.5476	S	656	2	0	0	0	0	___1	Q6ZUJ8;Q6ZUJ8-2;Q6ZUJ8-3	ESFRFQQENLKRLRDSITRRQREKQKSGKQT
353	PIK3C2A	1.26255	2.10853	1.82416	2.18237	S	259	2	0	0	0	0	___1	O00443;O00443-2	TDLEITDSKVSNLQVSPKSEDISKFDWLDLD
354	PIK3CA	3.78848	3.36653	3.78398	3.1842	Y	317	2	0	0	0	0	___1	P42336	FTMPSYSRRISTATPYMNGETSTKSLWVINS
355	PKN2	0.769602	0.907352	1.31863	1.07909	S	535	2			0		___1	Q16513-3;Q16513-2;Q16513;Q16513-4;Q16513-5	FDLEPEPPPAPPRASSLGEIDESSELRVLDI
356	PLCG1	3.21701	2.49011	NaN	NaN	Y	771	2	0	0			___1	P19174-2;P19174	INEEALEKIGTAEPDYGALYEGRNPGFYVEA
357	PLCG2	2.38637	1.90812	2.73388	1.87743	Y	753	2	0	0	0	0	___1	P16885;A0A0A0MRF9	ELLERYNMERDINSLYDVSRMYVDPSEINPS
358	PLEKHF2	1.9419	1.45623	1.99012	1.56867	S	226	2	0	0	0	0	___1	Q9H8W4	LSAGDMATCQPARSDSYSQSLKSPLNDMSDD
359	PLK1	NaN	NaN	-0.42909	-1.33301	T	214	3				0	___1	P53350	TKVEYDGERKKTLCGTPNYIAPEVLSKKGHS
360	PLK3	-0.0497854	-3.2709	NaN	NaN	S	342	3		0			___3	Q9H4B4	SCVTVPDLTPPNPARSLFAKVTKSLFGRKKK
361	PNKD	1.88788	2.05322	2.17562	2.25786	Y	119	2	0	0	0	0	___1	Q8N490-2	QMKARQNMRLSNTGEYESQRFRASSQSAPSP
362	PNKP	-1.19492	-0.757599	-1.79231	0.0461418	T	118	3			0		___1	M0R3C8;M0QYH2;Q96T60;Q96T60-2	TLRWEETRTPESQPDTPPGTPLVSQDEKRDA
363	POC5	0.839557	1.37601	0.41045	0.477159	S	84	2		0			___1	Q8NA72-3;Q8NA72	HISSHSKTDESSPVLSPRKPSHPVMDFFSSH
364	POU2F1	2.13786	2.36466	2.58736	2.43573	S	345	2	0	0	0	0	___1	P14859-5;P14859-6;P14859-4;P14859;P14859-2;P14859-3;A0A0A0MT46;H0YLC5;Q9UKI9-3;Q9UKI9;Q9UKI9-2	SPGIEGLSRRRKKRTSIETNIRVALEKSFLE
365	PPP1R11	NaN	NaN	-1.74773	-0.004378	T	109	3			0		___1	O60927;Q5SRK2	HRKGRRRATLGPTPTTPPQPPDPSQPPPGPM
366	PPP1R18	2.23505	1.85272	NaN	NaN	Y	230	2	0	0			___1	Q6NYC8;Q6NYC8-2	RRKEVESRLSPGESAYQKLGLTEAHKWRPDS
367	PPP1R35	-1.63796	-1.415	-1.47221	-0.764518	S	52	3	0	0	0		___1	Q8TAP8	VPEPGLDLSLSPRPDSPQPRHGSPGRRKGRA
368	PPP1R7	NaN	NaN	1.34574	0.00446549	S	12	2			0		___1	Q15435;B5MBZ8;Q15435-3;C9JRC4	____MAAERGAGQQQSQEMMEVDRRVESEES
369	PPP6R3	NaN	NaN	2.26814	1.74979	T	517	3			0	0	___2	Q5H9R7-2;Q5H9R7;Q5H9R7-5;E9PQP7;H0YDW1	SSLGETNKRNTVDLVTTCHIHSSSDDEIDFK
370	PQLC1	2.46861	0.153805	0.764516	0.70248	S	110	2	0				___1	Q8N2U9;K7ERV4	CTEVRVANELNARRRSFTAADSKDEEVKVAP
371	PRKCD	3.69622	3.38654	1.57609	1.22447	Y	313	2	0	0	0	0	___1	Q05655;Q05655-2	ASRRSDSASSEPVGIYQGFEKKTGVAGEDMQ
372	PRKD2	2.06426	1.81188	2.32636	2.20633	S	710	3	0	0	0	0	___1	B4DTS2;Q9BZL6-2;Q9BZL6	DFGFARIIGEKSFRRSVVGTPAYLAPEVLLN
373	PRKD3	0.66029	1.31005	0.272501	0.665484	S	391	2		0			___1	O94806;O94806-2;A0A087X0K6;F8WBA3;Q15139	SDLDVERDEEAVKTISPSTSNNIPLMRVVQS
374	PRPF40A	-2.04978	-2.41735	0.000144286	-0.145909	S	858	3	0	0			___1	O75400-2;O75400;O75400-3	KKHKKKSKKRRHKSDSPESDAEREKDKKEKD
375	PRPF40B	-0.144664	0.96997	-0.276345	1.43936	S	853	2				0	___1	F8VU11;Q6NWY9-2;Q6NWY9-3;Q6NWY9	QDKDRELQQAELPNRSPGFGIKKEKTGWDTS
376	PRRC2A	1.01228	0.974309	1.64307	1.57667	S	759	2			0	0	___1	P48634;P48634-2;P48634-3;P48634-4	YPPGVHPSGLVPRERSDSGGSSSEPFDRHAP
377	PRRC2C	2.80012	2.45639	1.80025	0.814427	Y	987	3	0	0	0		___1	E7EPN9;Q9Y520-4;Q9Y520-5;Q9Y520;Q9Y520-7;Q9Y520-3;Q9Y520-6;Q9Y520-2	EGFIRSSEGPKPEKVYKSKSETRWGPRPSSN
378	PTK2B	1.3425	0.330673	0.213752	-0.0394883	Y	580	2	0				___1	Q14289;Q14289-2;E9PBI4	LGDFGLSRYIEDEDYYKASVTRLPIKWMSPE
379	PTPN1	-0.926399	-0.852615	-1.39176	-0.914031	S	295	4			0		___1	P18031;B4DSN5	FIMGDSSVQDQWKELSHEDLEPPPEHIPPPP
380	PTPN11	4.94767	4.33271	2.5626	2.14519	S	576	3	0	0	0	0	___1	Q06124-2;Q06124	PPCTPTPPCAEMREDSARVYENVGLMQQQKS
381	PTPN18	2.54221	2.09403	NaN	NaN	S	195	2	0	0			___1	E7EMB8;Q99952-2;Q99952	GTGTGARSAEEAPLYSKVTPRAQRPGAHAED
382	PTPN22	2.87499	2.56776	NaN	NaN	Y	444	2	0	0			___1	A0A0A0MTE6;F5H2S8;E9PMT0;Q9Y2R2-3;Q9Y2R2-4;Q9Y2R2;A0A0A0MTD9;Q9Y2R2-6;Q9Y2R2-2	MQAQKVMHVSSAELNYSLPYDSKHQIRNASN
383	PTPN6	1.29402	1.28475	1.45396	1.19232	S	518	4	0	0	0		___1	P29350-2;P29350;P29350-3	PPAMKNAHAKASRTSSKHKEDVYENLHTKNK
384	PTPRA	1.76808	1.51778	0.624616	0.471968	Y	789	3	0	0			___1	P18433-4;P18433-2;P18433-3;P18433	FCYKVVQEYIDAFSDYANFK___________
385	PTTG1IP	-0.176789	-0.302013	1.65947	1.81287	Y	153	2			0	0	___1	A8MXQ1;P53801	DEIRKKYGLFKEENPYARFENN_________
386	RAB11FIP1	2.38405	1.36687	1.69466	0.558953	S	202	3	0	0	0		___1	Q6WKZ4;Q6WKZ4-3;E7EX40;Q6WKZ4-2	DTASAIIPSTTPSVDSDDESVVKDKKKKSKI
387	RAB3GAP1	NaN	NaN	1.28582	0.981999	S	537	2			0		___1	Q15042;Q15042-3;Q15042-4	CCIERKKARDEGKKTSASDVTNIYPGDAGKA
388	RAF1	1.54903	1.6204	2.23309	1.9794	S	642	2	0	0	0	0	___1	P04049;P04049-2;H7C155	RAAHTEDINACTLTTSPRLPVF_________
389	RALGPS2	NaN	NaN	-0.605771	-1.31714	S	308	3				0	___2	Q86X27;Q86X27-3;H7C2H2	SAASREDLVGPEVGASPQSGRKSVAAEGALL
390	RANBP1	-0.00407417	-1.0716	-2.14089	-2.06607	S	60	2			0	0	___1	P43487-2;P43487;F6WQW2;C9JXG8;C9JGV6;C9JJ34;C9JDM3;C9JIC6	EEELFKMRAKLFRFASENDLPEWKERGTGDV
391	RANBP2	NaN	NaN	-1.52056	-1.84778	S	21	2			0	0	___1	P49792;F8WBP7	ADVERYIASVQGSTPSPRQKSMKGFYFAKLY
392	RAVER1	2.18056	0.535854	NaN	NaN	S	567	2	0				___1	A0A087WZ13;Q8IY67-2;E9PAU2	GSSSSKAFQLKSRLLSPLSSARLPPEPGLSD
393	RB1	-2.26972	-2.26562	NaN	NaN	S	608	3	0	0			___1	P06400	NLPLQNNHTAADMYLSPVRSPKKKGSTTRVN
394	RBBP6	0.175045	2.45618	0.178492	2.66335	S	827	2		0		0	___1	Q7Z6E9-2;Q7Z6E9;H3BSK8	AAGAQPRPSANRENFSPERFLPLNIRNSPFT
395	RBBP8	0.848798	1.66785	NaN	NaN	S	379	4		0			___1	I6L8A6;Q99708-3;Q99708;Q99708-2;F6Q6H0	FSNTCISRLEKTRSKSEDSALFTHHSLGSEV
396	RBCK1	1.38427	1.80091	NaN	NaN	Y	330	2	0	0			___1	Q9BYM8;Q9BYM8-3;A6PVK0	NSQEAEVSCPFIDNTYSCSGKLLEREIKALL
397	RBL1	NaN	NaN	-0.534935	1.35106	S	1041	3				0	___1	P28749	QRTKKRVIAIDSDAESPAKRVCQENDDVLLK
398	RBL2	-1.24287	-0.853944	-1.54359	-1.40042	S	372	2			0	0	___1	A0A0A0MTM7;Q08999;F5H837	TEVRADTGGLGRSITSPTTLYDRYSSPPAST
399	RBM15B	5.07369	0.907275	NaN	NaN	S	562	2	0				___1	Q8NDT2;Q8NDT2-2	EGDWTSPSKSSDRRNSLEGYSRSVRSRSGER
400	RBM34	1.70248	1.4079	2.36617	1.96077	S	12	2	0	0	0	0	___1	A2A2V2;P42696;P42696-2;Q5TCT4;H7C5M1	____LEGMSKRKRKRSVQEGENPDDGVRGSP
401	RBPMS	-3.44469	-2.94486	NaN	NaN	S	13	3	0	0			___3	E5RJD7;E5RFP4;E5RJ31	___MAKNKLVGTPNPSTPLPNTVPQFIAREP
402	RCSD1	-1.61869	-1.47513	-1.73913	-1.44011	S	116	2	0	0	0	0	___2	B7ZKW8;Q6JBY9;F6T4W9	LPGASPKSPGLKAMVSPFHSPPSTPSSPGVR
403	REG3A	-0.217357	5.76821	NaN	NaN	S	78	3		0			___3	Q06141	DADLACQKRPSGNLVSVLSGAEGSFVSSLVK
404	REPS1	NaN	NaN	2.35524	1.58188	S	143	2			0	0	___1	Q96D71-3;Q96D71;E9PMG1;Q96D71-4;H0YDT0;Q96D71-2;F2Z3L2	GVIPPPPGRGQVKKGSVSHDTVQPRTSADAQ
405	RFX7	-1.07045	-1.26798	-1.50848	-1.12309	S	358	2			0		___1	Q2KHR2;H0YLX2;Q2KHR2-2	SALTIRSPTTVLFTSSPIKTAVVPASHMSSL
406	RHBDF2	NaN	NaN	2.34184	2.10507	S	356	2			0	0	___1	Q6PJF5-2;Q6PJF5	GLGVVGNWLNRSYRRSISSTVQRQLESFDSH
407	RIBC2	-2.67659	-2.16476	NaN	NaN	S	224	2	0	0			___2	A0A087X0F7;Q9H4K1	TTRKAVCASVKDFNKSQAIESVERKKQEKKQ
408	RIF1	0.914641	1.42072	1.53615	1.39764	S	1616	3		0	0	0	___1	Q5UIP0-2;Q5UIP0	SHDYKATSEEDVSIKSPICEKQDESNTVICQ
409	RPP30	1.78998	2.65285	3.00705	3.34922	S	251	3	0	0	0	0	___1	P78346;P78346-2;Q5VU10	KTAFGIISTVKKPRPSEGDEDCLPASKKAKC
410	RPRD2	1.21462	1.4961	1.36983	1.30305	S	588	2		0	0	0	___1	Q5VT52-3;Q5VT52;Q5VT52-2;Q5VT52-5	SEVSSTSASKASIGQSPGLPSTTFKLPSNSL
411	RPS6	1.41851	3.39012	3.4121	3.33099	S	235	2	0	0	0	0	___2	A2A3R5;P62753	AKEKRQEQIAKRRRLSSLRASTSKSESSQK_
412	RPS6KA1	2.15575	2.12902	2.0942	2.05172	S	372	3	0	0	0	0	___1	Q15418-2;E9PRI4;E9PGT3;Q15418-3;Q15418;Q5SVM6	TFYFDTEFTSRTPKDSPGIPPSAGAHQLFRG
413	RPS6KA3	1.1872	0.154454	1.67301	-0.107244	S	369	3			0		___1	P51812	TFYFDPEFTAKTPKDSPGIPPSANAHQLFRG
414	RQCD1	-2.44058	-3.49075	NaN	NaN	S	3	3	0	0			___3	Q92600-3;Q92600;Q92600-2;F8WBZ6	_____________MHSLATAAPVPTTLAQVD
415	RSF1	NaN	NaN	-1.93225	-0.138203	S	496	3			0		___1	Q96T23-3;Q96T23-2;Q96T23;H0YCN2	IKLTIRISSRKKKPDSPPKVLEPENKQEKTE
416	RSRC1	NaN	NaN	1.05381	3.00007	S	179	2				0	___1	Q96IZ7-2;Q96IZ7;H7C5Q0;C9J713	LVEQVKRVKEIEAIESDSFVQQTFRSSKEVK
417	RSRC2	-0.114738	0.589188	0.228973	1.27286	S	4	2				0	___1	Q7L4I2;E9PI52	____________MAASDTERDGLAPEKTSPD
418	S1PR4	1.2458	1.6722	NaN	NaN	S	346	3	0	0			___1	O95977	MRGPGDCLARAVEAHSGASTTDSSLRPRDSF
419	SART3	-0.0965606	-0.226578	2.02144	0.535157	S	8	2			0		___1	F8VV04;Q15020-2;F8W667;Q15020-3;Q15020;Q15020-4	________MATAAETSASEPEAESKAGPKAD
420	SASH3	1.67234	1.63036	1.50538	1.23885	S	26	2	0	0	0	0	___2	O75995	EKEPTQKKKLSLQRSSSFKDFAKSKPSSPVV
421	SCAMP3	3.09636	2.34181	NaN	NaN	Y	86	2	0	0			___1	O14828;O14828-2	PSRKLSPTEPKNYGSYSTQASAAAATAELLK
422	SCRIB	-1.75321	-1.94959	0.264116	-0.173027	S	502	3	0	0			___1	Q14160;Q14160-2;Q14160-3	SIEGRRSEACPCQPDSGSPLPAEEEKRLSAE
423	SEC16A	0.709379	1.3505	1.42927	1.58458	S	1964	2		0	0	0	___1	J3KNL6;F1T0I1;O15027;O15027-5;O15027-2;O15027-4;O15027-3;X6RGP5	LLPSAPQTLPDGPLASPARVPMFPVPLPPGP
424	SERBP1	0.4609	1.35253	1.2765	1.91789	S	234	2		0		0	___1	Q8NC51;Q8NC51-2	SGSHNWGTVKDELTESPKYIQKQISYNYSDL
425	SERHL2	NaN	NaN	-2.94475	-1.22773	S	108	3			0		___1	B4DGG4	VVAALKWNRFSILGHSFALLSPRWRRGRNVF
426	SETD2	-0.32478	-1.06495	-1.1838	-1.56841	S	742	4				0	___1	Q9BYW2;H7C3H4;Q9BYW2-2;Q9BYW2-3;C9JG86;H7BZ93;H7BXT4	CKEKDLDDTCMLHKKSESPFRETEPLVSPHQ
427	SETMAR	NaN	NaN	-0.945499	-2.17566	T	338	2				0	___2	Q53H47;Q53H47-3;B9ZVV8	MCGSAPSVFPSCKRLTLETMKMMLDKKQIRA
428	SETX	1.78157	1.96591	1.84671	1.74563	S	1366	3	0	0	0	0	___1	Q7Z333-3;Q7Z333;Q7Z333-4	QRQIRPKSQKNRRRLSDCESTDVKRAGSHTA
429	SF3B3	3.217	2.45875	NaN	NaN	T	6	2	0	0			___2	J3QL37;J3QRB2	__________MAFRLTGGTKDYIVVGSDSGR
430	SGK223	1.49559	1.86192	2.02435	2.27396	S	745	2	0	0	0	0	___1	Q86YV5	SSDLEKVSQGSAESLSPSFRGVHVSFTTGST
431	SGTA	1.80599	1.85722	1.96033	1.60815	S	305	2	0	0	0	0	___1	O43765	ELIEQLRSQIRSRTPSASNDDQQE_______
432	SH3KBP1	-2.19034	-2.44945	-2.47562	-2.03027	S	21	3	0	0	0	0	___1	Q5JPT2;Q96B97-2;Q96B97;Q5VSN0;Q5JPT1	PEKPLHEVPSGNSLLSSETILRTNKRGERRR
433	SHC1	4.11603	3.95131	4.20899	3.7801	Y	317	3	0	0	0	0	___1	P29353-2;P29353-7;P29353;P29353-6;Q5T188;H0Y539;X6R6D0;P29353-5;P29353-3	PPPPCPGRELFDDPSYVNVQNLDKARQAVGG
434	SHF	NaN	NaN	0.972031	2.44631	S	16	2				0	___1	H0YNF2	MEPYEAQKMMAEIRGSKETATQPLPL_____
435	SIPA1	1.90993	2.26736	2.0898	1.97541	S	74	4	0	0	0	0	___1	Q96FS4;F6RY50;E9PIB3	EARPPTPASPRARAHSHEEASRPAATSTRLF
436	SIRT1	NaN	NaN	-2.01607	-2.00526	S	27	2			0	0	___2	Q96EB6;Q96EB6-2	GGSPSAAGADREAASSPAGEPLRKRPRRDGP
437	SLC12A2	1.5786	1.38532	1.5008	0.941181	S	994	2	0	0	0		___1	G3XAL9;P55011;P55011-3	EEDGKTATQPLLKKESKGPIVPLNVADQKLL
438	SLC19A1	1.13034	1.58573	1.65558	1.71066	S	27	2		0	0	0	___1	D3DSM6;P41440;H3BTQ3;P41440-3;C9J8K6;C9JKP4;E9PIL5	VPSGAARGLSRMVPSSPAVEKQVPVEPGPDP
439	SLC25A46	NaN	NaN	-1.11819	1.22829	T	45	3				0	___1	Q96AG3-3;Q96AG3	ARSFSTGSDLGHWVTTPPDIPGSRNLHWGEK
440	SLC9A1	0.385486	0.44615	1.2	1.37379	S	703	2				0	___1	P19634	AHKLDSPTMSRARIGSDPLAYEPKEDLPVIT
441	SLC9A3R1	0.776609	1.34375	1.56487	1.67333	S	280	3		0	0	0	___1	O14745;J3QRP6;O14745-2	QKENSREALAEAALESPRPALVRSASSDTSE
442	SLC9A7	1.42045	1.34852	NaN	NaN	S	694	2	0	0			___1	A0A087WXD1;Q96T83	SHTASTSLEGSRRTKSSSEEVLERDLGMGDQ
443	SLK	1.22749	-0.0321821	NaN	NaN	S	571	3	0				___1	Q9H2G2-2;Q9H2G2	DVAQKVDEDSAEDTQSNDGKEVVEVGQKLIN
444	SMAD5	-2.14503	0.492725	-2.03747	0.331132	S	9	2	0		0		___3	Q99717;D6R9D4;D6RIZ9;D6RBB4	_______MTSMASLFSFTSPAVKRLLGWKQG
445	SMARCA2	2.8788	2.77922	NaN	NaN	S	956	2	0	0			___1	P51531;P51531-2	VLRPFLLRRLKKEVESQLPEKVEYVIKCDMS
446	SMARCA4	0.471552	-0.127541	1.3681	-0.0364075	S	1451	3			0		___2	A0A0A0MT49;P51532-5;P51532-2;P51532-3;P51532-4;Q9HBD4;P51532;K7EP28	EEVRQKKSSRKRKRDSDAGSSTPTTSTRSRD
447	SMARCC2	-1.44607	-0.903117	-0.543215	-0.394961	S	304	3	0				___1	Q8TAQ2;F8VXC8;Q8TAQ2-2;Q8TAQ2-3	RDKKGGNYKKRKRSPSPSPTPEAKKKNAKKG
448	SMG1	NaN	NaN	1.1995	1.81726	S	34	2				0	___1	Q96Q15;E9PNP6;I3L0W2;H3BR09	TKYPRSWNDWQPRTDSASADPDNLKYSSSRD
449	SMG6	0.29125	1.31307	0.944109	1.53471	T	479	3		0		0	___2	Q86US8	KPALKTQTPQLHFLDTDDEVSPTSWGDSRQA
450	SMNDC1	-0.177719	-0.382062	-0.572093	-1.72638	S	201	2				0	___1	O75940	YSKNKKGQVKRSIFASPESVTGKVGVGTCGI
451	SNIP1	-0.471549	-0.841353	-1.44871	-0.861841	S	49	3			0		___3	Q8TAD8	LSPEVAPPAHRRPDHSGGSPSPPTSEPARSG
452	SNW1	-0.957804	-1.35247	-1.07066	-1.27198	S	224	3		0			___1	G3V3A4;Q13573;G3V4X8	PPRFKINKKIPRGPPSPPAPVMHSPSRKMTV
453	SPACIA2	0.645148	0.341872	1.32372	0.163112	S	50	2			0		___1	G1UD79;Q7Z309-3;Q7Z309-4;A0A087WV35;Q7Z309;Q7Z309-2	LSQVFQPYTLRTRRNSTTIMSRHSLEEGLDM;LSQVFQPYTLRTRRNSTTIMSRHSLLLSSSP
454	SPAG5	0.525568	0.85591	1.14574	1.59235	S	135	3				0	___1	Q96R06;F5GZT2	DPLGNYMVKTIVLVPSPLGQQQDMIFEARLD
455	SPTBN1	1.4655	1.90404	2.24708	2.41546	S	14	3	0	0	0	0	___1	Q01082-3	__MELQRTSSISGPLSPAYTGQVPYNYNQLE
456	SQSTM1	-1.16929	-1.7362	-0.378101	-0.565567	S	266	3		0			___1	Q13501;Q13501-2;E7EMC7	LGIEVDIDVEHGGKRSRLTPVSPESSSTEEK
457	SRGAP2	3.33657	2.61937	5.12899	4.66778	S	982	3	0	0	0	0	___3	B7ZM87;A2RUF3;O75044;A0A075B7E9	HTPDVVLDTLEPLKTSPVVAPTSEPSSPLHT
458	SRPK2	1.32181	1.42002	1.58381	1.69991	S	494	2	0	0	0	0	___2	P78362;P78362-2;H7C5L6	EQEESSPSHDRSRTVSASSTGDLPKAKTRAA
459	SRRM1	-0.0736513	-0.145845	-1.2094	-1.29874	T	401	2				0	___1	A9Z1X7;Q8IYB3;E9PCT1;M0R088	SASPPRRRHRPSPPATPPPKTRHSPTPQQSN
460	SRRM2	1.94987	-0.262331	2.23183	-0.329558	S	783	2	0		0		___1	Q9UQ35;Q9UQ35-2;I3L4D8;I3L182	KAKSRLSLRRSLSGSSPCPKQKSQTPPRRSR
461	SRRT	1.09828	0.211635	1.99418	-0.0616013	S	492	2			0		___1	Q9BXP5-4;Q9BXP5-2;Q9BXP5-3;Q9BXP5;Q9BXP5-5;H7C3A1	ICWNLQNIRLRECELSPGVNRDLTRRVRNIN
462	SRSF2	-1.3773	-0.76842	NaN	NaN	S	191	3	0				___1	Q01130;Q01130-2	VSRSRSRSRSRSRSRSPPPVSKRESKSRSRS
463	SRSF6	NaN	NaN	-0.488714	-1.5586	S	301	2				0	___3	Q13247;Q13247-3	KGDIKSKSRSRSQSRSNSPLPVPPSKARSVS
464	SSBP1	-1.22577	-1.39286	-2.02921	-2.02673	Y	73	2		0	0	0	___1	Q04837;E7EUY5;C9K0U8	SLATNEMWRSGDSEVYQLGDVSQKTTWHRIS
465	STAM2	3.63668	2.87415	2.69944	2.55058	S	372	2	0	0	0	0	___1	O75886	ALELYNKLVNEAPVYSVYSKLHPPAHYPPAS
466	STAMBPL1	2.84549	2.7037	2.64556	2.19292	Y	72	2	0	0	0	0	___1	B3KR00;Q96FJ0;Q96FJ0-2	LNVFADQPNKSDATNYASHSPPVNRALTPAA
467	STAP1	4.16302	3.56328	6.01937	5.21832	Y	168	3	0	0	0	0	___1	Q9ULZ2	EQSTSVEKEKEPTEDYVDVLNPMPACFYTVS
468	STAU2	1.79946	1.99132	1.82118	1.96185	S	408	2	0	0	0	0	___1	E9PH62;A0A0A0MTC5;Q9NUL3-2;Q9NUL3;A0A0A0MTC4;A0A0A0MTD1;F8VPI7;E7EPX0;A0A0A0MTC6;E7EVJ4;Q9NUL3-6;Q9NUL3-8;Q9NUL3-3;Q9NUL3-7;G5EA18;Q9NUL3-4;E5RJN7;E5RJ67;H0YBY0	ASRHKVISGTTLGYLSPKDMNQPSSSFFSIS
469	STIM2	NaN	NaN	1.53903	1.72365	S	705	3			0	0	___2	H0Y860;Q9P246;Q9P246-2	NQLSSGIPVPKPRHTSCSSAGNDSKPVQEAP
470	STK10	1.37823	1.25786	1.25502	1.09484	S	951	2	0	0			___1	O94804	EMFFKLSEEAECPNPSTPSKAAKFFPYSSAD
471	STMN1	2.84322	3.47379	3.50716	3.28371	S	25	2	0	0	0	0	___1	P16949;A2A2D0;P16949-2	ELEKRASGQAFELILSPRSKESVPEFPLSPP
472	STUB1	0.143785	-1.77379	-1.11453	-1.15139	S	19	2		0			___1	H3BS86;Q9UNE7	KEEKEGGARLGAGGGSPEKSPSAQELKEQGN
473	STX7	2.3065	2.33159	2.84276	2.65343	S	2	2	0	0	0	0	___1	O15400-2;O15400	______________MSYTPGVGGDPAQLAQR
474	SUFU	NaN	NaN	1.56365	1.35236	S	301	3			0	0	___1	Q9UMX1-2;Q9UMX1-3;Q9UMX1	EDSRSICIGTQPRRLSGKDTEQIRETLRRGL
475	SWAP70	1.94126	2.56881	3.25087	2.33297	Y	517	3	0	0	0	0	___1	Q9UH65;E7EMB1	QLEQLELERKQALEQYEEVKKKLEMATNKTK
476	SYK	2.50995	2.10017	2.42913	2.18891	S	297	2	0	0	0	0	___1	P43405	ATWSAGGIISRIKSYSFPKPGHRKSSPAQGN
477	SYNGR2	1.99888	1.44631	NaN	NaN	Y	6	2	0	0			___1	O43760;O43760-2;K7ELD9;K7ENG9	__________MESGAYGAAKAGGSFDLRRFL
478	TACC1	0.13711	0.686254	1.68769	1.95762	S	276	3			0	0	___1	O75410;O75410-2;O75410-7;E5RFM9;R4GMT7;E7EVI4;E7ET87;O75410-3;H0YAY0;E5RJU4	KASYHFSPEELDENTSPLLGDARFQKSPPDL
479	TAF3	NaN	NaN	0.315914	3.34951	S	297	2				0	___1	Q5VWG9	KTKSPKTAQSPAMVGSPIRSPKTVSKEKKSP
480	TBC1D10B	NaN	NaN	-1.71265	-0.784607	T	148	3			0		___1	Q4KMP7	PKTEEARPSPAPGPGTPTGTPTRTPSRTAPG
481	TBC1D4	1.53481	1.77829	2.20351	1.95159	S	588	2	0	0	0	0	___1	O60343-2;O60343-3;O60343;Q5JU47	NIFSRGANRMRGRLGSVDSFERSNSLASEKD
482	TBCB	1.82012	1.52657	1.43717	1.01856	Y	98	2	0	0	0		___1	Q99426;Q99426-2;K7EP07;K7EK42;K7EL99	CRIHVIDHSGARLGEYEDVSRVEKYTISQEA
483	TCF4	-0.102434	0.832201	0.0836559	1.57681	S	491	3				0	___1	H3BPJ7;P15884-15;P15884-14;P15884-5;P15884-10;P15884-12;P15884;P15884-16;P15884-6;P15884-9;P15884-8;P15884-7;P15884-13;H3BTP3;E9PH57;P15884-4;P15884-3;P15884-2;P15884-11	GLQGQSVSSGSSEIKSDDEGDENLQDTKSSE
484	TCOF1	-1.48439	-1.27021	-1.15991	-0.527117	T	1020	3	0				___1	E7ETY2;Q13428-7;J3KQ96;Q13428-6;Q13428-3;Q13428;Q13428-4;Q13428-8;Q13428-2	PAGPAATPAQAQAASTPRKARASESTARSSS
485	TCP1	1.92284	2.04079	1.81938	1.39177	Y	545	2	0	0	0	0	___1	P17987;E7EQR6;F5H282	LIKLHPESKDDKHGSYEDAVHSGALND____
486	TCP11L1	-0.369073	1.29378	-0.202406	0.29125	S	55	3		0			___1	E9PJ55;R4GNF5;E9PP52;E9PMB0;Q9NUJ3	IKSDSSSPQRVQRPHSSPPRFVTVEELLETA
487	TDRD7	-5.55124	-5.22319	-5.3082	-3.38159	S	497	2	0	0	0	0	___1	Q8NHU6-2;Q8NHU6	EKSKAYKLNPKFCSLSFQATKCKLAGLEVLS
488	TEC	3.62117	2.96614	3.43309	3.09175	Y	519	2	0	0	0	0	___1	P42680	KVSDFGMARYVLDDQYTSSSGAKFPVKWCPP
489	TERF2IP	NaN	NaN	1.45933	1.67897	S	43	2			0	0	___1	Q9NYB0	SMSFYVRPSPAKRRLSTLILHGGGTVCRVQE
490	TEX15	-3.09209	-4.48	NaN	NaN	S	2578	2	0	0			___2	D3DSV6;Q9BXT5	ENNNKFSISTMLPPVSECINKNISNSSKKRP
491	TGS1	NaN	NaN	-1.54401	-2.0982	S	89	2			0	0	___1	Q96RS0	SHDSKGIGLDESELDSEAELMRSMGLPLQFG
492	THOC2	NaN	NaN	1.971	-0.533681	S	1486	3			0		___1	Q8NI27;Q8NI27-2;H0Y7U4;H0Y594;B7ZBA0	EKKDEKDRKERKRDHSNNDREVPPDLTKRRK
493	THUMPD1	0.120617	2.19289	-0.181575	1.85144	S	86	3		0		0	___1	Q9NXG2;H3BNW0	DMYGPEKFTDKDQQPSGSEGEDDDAEAALKK
494	TICRR	-0.141366	2.59173	-0.124283	1.30999	S	1000	3		0		0	___1	Q7Z2Z1-2;Q7Z2Z1	GRSSDPGPDIGVVEESPEKGDEISLRRSPRI
495	TMEM39B	-2.07163	-1.10659	NaN	NaN	T	162	4	0				___1	F8WB89;Q9GZU3-2	GGGQWPGKEPGLPPDTAGDVEAAHKTAVWPG
496	TMEM55B	1.08332	1.96864	1.86247	2.06288	S	162	3		0	0	0	___1	Q86T03;Q86T03-2	CKRIINLGPVHPGPLSPEPQPMGVRVICGHC
497	TMPO	0.108223	1.66148	0.0304067	-0.0657326	S	168	2		0			___1	H0YJH7;P42166;P42167;G5E972;P42167-2;P42167-3	GTESRSSTPLPTISSSAENTRQNGSNDSDRY
498	TMSB4X	-0.122491	2.95624	0.0328062	1.1811	T	23	3		0			___1	P62328	AEIEKFDKSKLKKTETQEKNPLPSKETIEQE
499	TNK2	1.70593	1.78115	0.904272	0.568713	Y	316	3	0	0			___1	C9J1X3;Q07912;Q07912-3;Q07912-2;H7BZZ3	GDFGLMRALPQNDDHYVMQEHRKVPFAWCAP
500	TNKS1BP1	-0.263023	0.974456	1.30106	1.4111	S	1029	2			0	0	___1	Q9C0C2;Q9C0C2-2	RDAGRPGERGSGGLFSPSTAHVPDGALGQRD
501	TNS3	1.57555	1.41814	1.32349	1.37273	S	879	2	0	0	0	0	___1	E9PCX8;Q68CZ2;Q68CZ2-2	GSSAEQPLGGRLRKLSLGQYDNDAGGQLPFS
502	TOM1	NaN	NaN	2.17871	1.93353	S	127	3			0	0	___1	B0QY02;O60784-4;O60784;O60784-2;B0QY01;V9GYF4	RRKGLEFPMTDLDMLSPIHTPQRTVFNSETQ
503	TOP1MT	-3.22904	-3.40037	NaN	NaN	T	7	2	0	0			___2	E5RIC7;Q969P6-2;Q969P6;E5RJ95;E5RFS0;E5RJ33;H0YBR3;H0YC03;E5RGE7;E5RGR4;E5RGR2	_________MLDHEYTTKEVFRKNFFNDWRK
504	TP53BP1	1.17562	1.25912	1.69599	1.54404	S	366	2		0	0	0	___1	Q12888;Q12888-2;A6NNK5;Q12888-3;C9JXV0	VQDSLSTNSSDLVAPSPDAFRSTPFIVPSSP
505	TPD52	1.07115	1.71418	1.94957	2.20389	S	131	2		0	0	0	___1	F5H0B0;H0YC42;P55327-2;P55327;P55327-3;P55327-4;P55327-7;P55327-5;P55327-6;E5RK35	SVGSVITKKLEDVKNSPTFKSFEEKVENLKA;SVGSVITKKLEDVKNSPTFKSFEEKVENLKS
506	TPM2	1.42196	1.63571	1.23346	0.445515	Y	162	4	0	0	0		___1	P07951;P07951-2;P07951-3;Q5TCU3;Q5TCU8	QLKEAKHIAEDSDRKYEEVARKLVILEGELE
507	TRA2B	0.120485	0.587077	0.0319598	1.56574	S	14	2				0	___1	P62995	__MSDSGEQNYGERESRSASRSGSAHGSGKS
508	TRAPPC10	-0.300448	1.77631	-0.499891	0.268913	S	708	3		0			___1	P48553	GIICRNVHMLLRRQESSSSLEMPSGVALEEG
509	TRIM28	1.40887	1.78768	1.53928	1.78889	S	489	3	0	0	0	0	___1	Q13263;Q13263-2;M0R0K9	GEGEVSGLMRKVPRVSLERLDLDLTADSQPP
510	TRIT1	-0.103705	1.77484	0.25882	1.82281	S	355	3		0		0	___1	Q5QPK7;Q9H3H1-3;Q9H3H1-2;Q9H3H1-5;Q9H3H1-4;Q9H3H1;Q3T7B4;Q9H3H1-6	RLDSDAVNTIESQSVSPDHNKEPKEKGSPGQ
511	TSC2	NaN	NaN	1.54107	1.22713	S	950	2			0	0	___1	H3BMQ0;P49815-7;P49815-6;P49815-5;P49815-3;P49815-2;P49815-4;P49815	FDDTPEKDSFRARSTSLNERPKRIQTSLTSA
512	TSC22D4	NaN	NaN	1.1573	1.49651	S	279	2				0	___1	Q9Y3Q8;Q9Y3Q8-2	SPALYFTHDASLVHKSPDPFGAVAAQKFSLA
513	TSGA13	NaN	NaN	0.312665	2.89937	Y	52	3				0	___3	C9JIG7;Q96PP4	DAVGQSKFVLENLRHYTVHPNLAQYYKPLKA
514	TUBA1C	2.19219	2.18399	0.345396	-0.805535	Y	272	3	0	0			___1	F5H5D3;P68363;P68363-2;P68366;P68366-2;C9JDS9;Q71U36;Q71U36-2;Q13748;Q13748-2;Q6PEY2;Q9BQE3;F8VVB9	TNLVPYPRIHFPLATYAPVISAEKAYHEQLS;TNLVPYPRIHFPLATYAPVISAEKAYHEQLT
515	TUBA8	2.78256	2.7756	0.478402	-0.793232	Y	103	3	0	0			___1	C9J2C0;Q9NY65-2;Q9NY65;F5H5D3;P68363;P68363-2;P68366;P68366-2;C9JJQ8;C9JEV8;C9JQ00;C9JDL2;Q71U36;Q71U36-2;Q13748;Q13748-2;F8VQQ4;F8VS66;F8VRZ4;F8VWV9;F8VX09;C9K0S6;Q9BQE3;F8VVB9	HPEQLITGKEDAANNYARGHYTIGKEIIDLV;HPEQLITGKEDAANNYARGHYTIGKEIIDPV;HPEQLITGKEDAANNYARGHYTVGKESIDLV
516	TUBAL3	2.17041	2.16659	1.23805	0.856229	Y	399	4	0	0	0		___1	A6NHL2-2;A6NHL2;C9J2C0;Q9NY65-2;Q9NY65;V9GZ17;F5H5D3;P68363;P68363-2;P68366;P68366-2;Q71U36;Q71U36-2;Q13748;Q6PEY2;Q9BQE3	IAEAWARLDHKFDLMYAKRAFVHWYVGEGME;IVEAWARLDHKFDLMYAKRAFLHWYLREGME;VAEAWARLDHKFDLMYAKRAFVHWYVGEGME
517	TUBB	1.83301	1.9923	2.32878	1.32613	Y	32	2	0	0	0	0	___1	Q5JP53;P07437	TYHGDSDLQLDRISVYYNEATGGKYVPRAIL
518	TUBB4A	1.35304	0.553066	NaN	NaN	S	338	2	0				___1	P04350;Q5JP53;P07437;Q5ST81;P68371;Q13509;Q13509-2;Q9BVA1;Q13885;Q9BUF5;K7ESM5	MKEVDEQMLAIQSKNSSYFVEWIPNNVKVAV;MKEVDEQMLNVQNKNSSYFVEWIPNNVKTAV;MKEVDEQMLSVQSKNSSYFVEWIPNNVKTAV
519	TUBB4B	1.47576	0.994435	NaN	NaN	Y	50	2	0				___1	P68371	TYHGDSDLQLERINVYYNEATGGKYVPRAVL
520	TWISTNB	1.54893	1.84704	1.67423	1.76073	S	316	3	0	0	0	0	___1	Q3B726	GYQSDHKKKKKKRKHSEEAEFTPPLKCSPKR
521	UBALD1	NaN	NaN	-1.55211	2.30909	S	2	4			0	0	___2	K7EM52;K7EKR5;K7EM88;K7EQ49;Q8TB05	______________MSVNMDELKHQVMINQF
522	UBAP1	NaN	NaN	1.72936	1.85981	S	146	2			0	0	___1	Q9NZ09-2;Q9NZ09;Q9NZ09-3;Q9NZ09-4	TPTRVSSSATKQKVLSPPHIKADFNLADFEC
523	UBASH3B	2.48718	2.28478	3.96523	3.57821	Y	19	2	0	0	0	0	___1	Q8TF42	YGHPSPLGMAAREELYSKVTPRRNRQQRPGT
524	UBE2O	NaN	NaN	1.37401	1.29701	S	515	2			0	0	___1	Q9C0C9;K7ES11	STTSSQSGSGTSRKKSIPLSIKNLKRKHKRK
525	UBR4	-1.27171	-1.01322	-1.43012	-1.07157	S	619	2			0		___1	Q5T4S7-3;Q5T4S7-4;Q5T4S7;Q5T4S7-2;Q5T4S7-5	EKAAPPPPPPPPPLESSPRVKSPSKQAPGEK
526	UNG	-0.488633	4.83203	-0.573188	3.1415	T	60	3		0		0	___1	P13051;P13051-2;Q68DM5;F5GYA2	AIPAKKAPAGQEEPGTPPSSPLSAEQLDRIQ
527	URI1	NaN	NaN	2.54752	2.33425	S	296	2			0	0	___1	O94763-2;O94763-4;O94763-3;O94763;I3L280	KFSEKKEEAKRKRKNSTGSGHSAQELPTIRT
528	USO1	-1.68571	-0.102218	NaN	NaN	S	799	3	0				___1	O60763;O60763-2	SEQVAELKQELATLKSQLNSQSVEITKLQTE
529	USP13	0.0724488	0.119555	1.34352	0.230203	T	57	3			0		___1	Q92995-2;Q92995	ALPKRRNSKIFLDLDTDDDLNSDDYEYEDEA
530	USP24	2.82812	2.40738	NaN	NaN	Y	2024	2	0	0			___1	Q9UPU5	FGGEYRPKVYDQTNPYTDVRRRYWNAYMLFY
531	USP8	NaN	NaN	1.24677	1.68814	S	375	2				0	___1	P40818-2;P40818;A0A075B720	SGKVIPDRSTKPVVFSPTLMLTDEEKARIHA
532	UTP14A	1.37457	1.31185	1.32014	1.24129	S	385	2	0	0	0	0	___1	Q9BVJ6-3;Q9BVJ6;Q9BVJ6-2;X6RJY0	REFEERRSLRKRSELSQDAEPAGSQETKDSG
533	UTP3	NaN	NaN	0.553262	1.27989	S	365	2				0	___2	Q9NQZ2	SVSKTSAAACAVTDLSDDSDFDEKAKLKYYK
534	VAPB	0.91242	2.21717	NaN	NaN	S	156	2		0			___1	O95292	ISTTASKTETPIVSKSLSSSLDDTEVKKVME
535	VCP	NaN	NaN	-0.0121699	1.40218	S	7	2				0	___1	P55072	_________MASGADSKGDDLSTAILKQKNR
536	VCPIP1	2.64524	-0.154442	NaN	NaN	S	994	2	0				___2	Q96JH7	VKEAVSQVRAEATTRSRESSPSHGLLKLGSG
537	VGLL4	1.38604	1.75818	NaN	NaN	S	59	3	0	0			___1	A0A075B6E4;G5E9M7;Q14135-2;Q14135;Q14135-4;F8W708;E7ERW0;E7EQU6;E7EWF5;E7EUJ2;F8WBN7	HRTGPPPISPSKRKFSMEPGDEDLDCDNDHV
538	VIM	1.46644	1.4268	1.35524	0.97181	Y	61	2	0	0	0		___1	B0YJC4;P08670	PSTSRSLYASSPGGVYATRSSAVRLRSSVPG
539	VIPAS39	-1.47935	-1.36874	-1.58476	-1.53095	S	147	2	0	0	0	0	___1	G3V4K3;Q9H9C1;Q9H9C1-2	TYSLSSFFRGRTRPGSFQSLSDALSDTPAKS
540	VPS54	0.243669	-2.00081	NaN	NaN	S	27	2		0			___1	Q9P1Q0-4;Q9P1Q0-2;Q9P1Q0	QGSSSDVFFKIEVDPSKHIRPVPSLPDVCPK
541	WAPAL	-1.06136	-1.40423	-1.00833	-1.37801	S	269	2		0		0	___1	Q7Z5K2-2;Q7Z5K2;Q7Z5K2-3	WNSQFGKRPESPSEISPIKGSVRTGLFEWDN
542	WBP11	0.685806	0.991173	1.04642	1.27101	S	600	3				0	___1	Q9Y2W2	VRRENKGATAAPQRKSEDDSAVPLAKAAPKS
543	WDR62	-0.616127	-0.6256	-1.46204	-1.3538	S	1144	3			0	0	___1	O43379;O43379-4	MDRGGSQPRAGTGYASPDRTHVLAAGKAEET
544	WEE1	NaN	NaN	-0.423371	-1.31667	T	173	2				0	___1	P30291	RAGEGRRSPRPDHPGTPPHKTFRKLRLFDTP
545	WNK1	-0.463629	-0.0167164	-0.143691	1.2181	S	2279	2				0	___2	Q9H4A3-5;Q9H4A3-6;Q9H4A3-7;F5GWT4;Q9H4A3-2;Q9H4A3;Q9H4A3-4	SDPEAAFLSRDVDDGSGSPHSPHQLSSKSLP
546	WRN	0.236217	1.2503	-0.495003	-0.122036	S	1133	2		0			___1	Q14191	ISSGSNISKKSIMVQSPEKAYSSSQPVISAQ
547	WRNIP1	0.624241	0.756255	1.2949	1.29784	S	75	3			0	0	___1	Q96S55-2;Q96S55	RAKGPSPPGAKRRRLSESSALKQPATPTAAE
548	XRN2	0.371503	1.71141	NaN	NaN	S	423	3		0			___1	Q9H0D6-2;Q9H0D6	GSPSPLGGIKRKAEDSDSEPEPEDNVRLWEA
549	YBX1	1.65773	1.14274	1.3488	0.870897	S	209	4	0		0		___1	P67809;H0Y449;A0A087X1S2;C9J5V9	PPYYMRRPYGRRPQYSNPPVQGEVMEGADNQ
550	YBX3	0.569783	1.58101	2.02609	2.13993	S	102	2		0	0	0	___1	P16989;P16989-3;P16989-2;P67809;H0Y449;A0A087X1S2;Q9Y2T7	HQTAIKKNNPRKYLRSVGDGETVEFDVVEGE
551	YTHDC2	2.8437	2.42672	2.72341	2.20323	S	1202	2	0	0	0	0	___1	Q9H6S0	LPLASSWRSNNSRKSSADTEFSDECTTAERV
552	ZAP70	5.38011	2.3266	NaN	NaN	S	227	3	0	0			___3	P43403-2;P43403-3;P43403	RSDVWSYGVTMWEALSYGQKPYKKMKGPEVM
553	ZBTB22	-1.93932	-3.04609	-2.06679	-2.80844	S	118	3	0	0	0	0	___3	A2AB93;O15209	GAFETVLASAYTGRLSMAAADIVNFLTVGSV
554	ZC3H11A	1.45349	1.78563	1.11163	1.15173	S	290	2	0	0			___1	O75152;E9PQ61;E9PBY7	LVRLSLTERLGKRKFSAGGDSDPPLKRSLAQ
555	ZC3H13	-1.59127	-2.21853	-1.84306	-1.90406	S	1014	2	0	0	0	0	___2	Q5T200-2;Q5T200	KKKSIEKKRKKSKGDSDISDEEAAQQSKKKR
556	ZFC3H1	-2.53508	-2.03457	NaN	NaN	S	948	2	0	0			___1	O60293-2;O60293	LEQDRFGPNKMMRLDSSPVSSPRKHSAELIA
557	ZFHX3	3.7378	3.4661	NaN	NaN	S	1202	2	0	0			___3	Q15911;Q15911-2	TDSPATSKRISFPGSSESPLSSKRPKTAEEI
558	ZFYVE26	2.53546	3.89705	NaN	NaN	S	1743	3	0	0			___3	Q68DK2-2;Q68DK2;G3V2D8	IVHQAADPETLPRSPSAEFSPAAPPGISSIH
559	ZMYND8	0.959622	1.04977	0.659285	1.8837	S	445	2				0	___1	Q9ULU4-10;Q9ULU4-7;Q9ULU4-12;Q9ULU4-22;Q9ULU4-5;Q9ULU4-13;Q9ULU4-19;Q9ULU4-18;Q9ULU4-14;Q9ULU4-16;Q9ULU4-20;Q9ULU4;Q9ULU4-11;Q9ULU4-15;Q9ULU4-9;H7C4X9;A0A0A0MTK7;A0A0A0MRQ3;Q9ULU4-3;Q9ULU4-6;Q9ULU4-23;Q9ULU4-8;Q9ULU4-21;Q9ULU4-4;Q9ULU4-17;A0A087WYS3;A0A087WV57	LMSKPVLSGGTGRRISLSDMPRSPMSTNSSV
560	ZNF106	0.820567	0.595122	1.2135	1.31586	S	861	2				0	___1	Q9H2Y7;Q9H2Y7-2;H3BNX5	VSISSSPGLARKRSLSESSVIMDRAPSVYSF
561	ZNF318	5.28873	0.123269	5.29668	0.205768	S	79	2	0		0		___2	Q5VUA4;Q5VUA4-2	RGRRASPSPPRGRRVSPSPPRARRGSPSPPR
562	ZNF335	NaN	NaN	-0.379582	1.60701	S	263	3				0	___1	Q9H4Z2-2;Q9H4Z2	MGKVSRTPVEAGVSQSDAENAAPSCPDEHDT
563	ZNF382	-0.907766	3.49608	-1.22206	3.44573	S	211	2		0		0	___1	C9JME7;Q96SR6-3;Q96SR6-2;Q96SR6	DGIAFIEKSSLSVHPSNLMEKKPSAYNKYGK
564	ZNF608	-0.549873	1.78939	NaN	NaN	S	627	2		0			___1	Q9ULD9;Q9ULD9-2;B3KPE6	PSTSVSAYDQLKAPASPGAGNPPGTPKGKRE
565	ZNF626	-1.29424	-2.649	-1.53981	-2.08009	T	308	3		0	0	0	___2	A0A087X1I5;Q68DY1-2;Q68DY1	AFNRSSTLTTHKIIHTGEKPYKCEECDKAFK
566	ZNF655	-1.39593	-1.38941	-0.558538	-0.421979	S	12	2	0	0			___1	C9J0V9;F8WE52;C9JNK1;F8WDU5;Q8N720-2;Q8N720;Q8N720-3;F8WEB1;F8WCS2;C9J9R2;C9JUB9;C9IYG2;F8WEM9;C9JS03;Q8N720-4	____MEEIPAQEAAGSPRVQFQSLETQSECL
567	ZNF81	-0.734275	-1.62402	-1.10321	-2.35683	S	256	3		0		0	___2	P51508	TGVKFCERNQCGKVLSLKHSLSQNVKFPIGE
568	ZNF814	0.294782	1.42825	NaN	NaN	T	405	2		0			___2	A0A087WWD1;B7Z6K7	SFNEKGHLRNHQRVHTTERPFKCGECGKCFS
569	ZRANB2	NaN	NaN	2.45996	0.793771	S	65	3			0		___1	O95218-2;O95218	TEIGKTLAEKSRGLFSANDWQCKTCSNVNWA
